ID,Year,113 Cause Name,Cause Name,State,Deaths,Age-adjusted Death Rate
5101,2007,Diseases of heart (I00-I09 I11 I13 I20-I51),Heart disease,Maryland,11314,203
5102,2006,Diseases of heart (I00-I09 I11 I13 I20-I51),Heart disease,Maryland,11268,206.6
5103,2005,Diseases of heart (I00-I09 I11 I13 I20-I51),Heart disease,Maryland,11594,217.9
5104,2004,Diseases of heart (I00-I09 I11 I13 I20-I51),Heart disease,Maryland,11346,218.5
5105,2003,Diseases of heart (I00-I09 I11 I13 I20-I51),Heart disease,Maryland,12164,239.8
5106,2002,Diseases of heart (I00-I09 I11 I13 I20-I51),Heart disease,Maryland,12008,242.4
5107,2001,Diseases of heart (I00-I09 I11 I13 I20-I51),Heart disease,Maryland,12310,253.8
5108,2000,Diseases of heart (I00-I09 I11 I13 I20-I51),Heart disease,Maryland,12348,261.3
5109,1999,Diseases of heart (I00-I09 I11 I13 I20-I51),Heart disease,Maryland,12080,259.2
5110,2016,Diseases of heart (I00-I09 I11 I13 I20-I51),Heart disease,Massachusetts,11921,134.8
5111,2015,Diseases of heart (I00-I09 I11 I13 I20-I51),Heart disease,Massachusetts,12130,138.5
5112,2014,Diseases of heart (I00-I09 I11 I13 I20-I51),Heart disease,Massachusetts,11817,137.1
5113,2012,Diseases of heart (I00-I09 I11 I13 I20-I51),Heart disease,Utah,3091,142.4
5114,2013,Diseases of heart (I00-I09 I11 I13 I20-I51),Heart disease,Massachusetts,12023,141.5
5115,2012,Diseases of heart (I00-I09 I11 I13 I20-I51),Heart disease,Massachusetts,11602,139.1
5116,2011,Diseases of heart (I00-I09 I11 I13 I20-I51),Heart disease,Massachusetts,11765,143.8
5117,2010,Diseases of heart (I00-I09 I11 I13 I20-I51),Heart disease,Massachusetts,12043,150
5118,2009,Diseases of heart (I00-I09 I11 I13 I20-I51),Heart disease,Massachusetts,12322,156.1
5119,2008,Diseases of heart (I00-I09 I11 I13 I20-I51),Heart disease,Massachusetts,12776,164.1
5120,2007,Diseases of heart (I00-I09 I11 I13 I20-I51),Heart disease,Massachusetts,12710,166.4
5121,2006,Diseases of heart (I00-I09 I11 I13 I20-I51),Heart disease,Massachusetts,12947,171.7
5122,2005,Diseases of heart (I00-I09 I11 I13 I20-I51),Heart disease,Massachusetts,13280,179
5123,2004,Diseases of heart (I00-I09 I11 I13 I20-I51),Heart disease,Massachusetts,13824,188.9
5124,2003,Diseases of heart (I00-I09 I11 I13 I20-I51),Heart disease,Massachusetts,14634,201.5
5125,2002,Diseases of heart (I00-I09 I11 I13 I20-I51),Heart disease,Massachusetts,14736,205.5
5126,2001,Diseases of heart (I00-I09 I11 I13 I20-I51),Heart disease,Massachusetts,15144,213.5
5127,2000,Diseases of heart (I00-I09 I11 I13 I20-I51),Heart disease,Massachusetts,15314,217.9
5128,1999,Diseases of heart (I00-I09 I11 I13 I20-I51),Heart disease,Massachusetts,15871,228.5
5129,2016,Diseases of heart (I00-I09 I11 I13 I20-I51),Heart disease,Michigan,25304,200.6
5130,2015,Diseases of heart (I00-I09 I11 I13 I20-I51),Heart disease,Michigan,24794,198.9
5131,2014,Diseases of heart (I00-I09 I11 I13 I20-I51),Heart disease,Michigan,24692,200.9
5132,2013,Diseases of heart (I00-I09 I11 I13 I20-I51),Heart disease,Michigan,24156,199.8
5133,2012,Diseases of heart (I00-I09 I11 I13 I20-I51),Heart disease,Michigan,23520,197.9
5134,2011,Diseases of heart (I00-I09 I11 I13 I20-I51),Heart disease,Michigan,23358,200.1
5135,2010,Diseases of heart (I00-I09 I11 I13 I20-I51),Heart disease,Michigan,23326,204.3
5136,2009,Diseases of heart (I00-I09 I11 I13 I20-I51),Heart disease,Michigan,23099,205.5
5137,2008,Diseases of heart (I00-I09 I11 I13 I20-I51),Heart disease,Michigan,24344,220.6
5138,2007,Diseases of heart (I00-I09 I11 I13 I20-I51),Heart disease,Michigan,24149,222.5
5139,2006,Diseases of heart (I00-I09 I11 I13 I20-I51),Heart disease,Michigan,24255,228.1
5140,2005,Diseases of heart (I00-I09 I11 I13 I20-I51),Heart disease,Michigan,25128,241.3
5141,2004,Diseases of heart (I00-I09 I11 I13 I20-I51),Heart disease,Michigan,24825,242.7
5142,2003,Diseases of heart (I00-I09 I11 I13 I20-I51),Heart disease,Michigan,26010,258
5143,2002,Diseases of heart (I00-I09 I11 I13 I20-I51),Heart disease,Michigan,26659,269.6
5144,2001,Diseases of heart (I00-I09 I11 I13 I20-I51),Heart disease,Michigan,26896,276.4
5145,2000,Diseases of heart (I00-I09 I11 I13 I20-I51),Heart disease,Michigan,27325,285.9
5146,1999,Diseases of heart (I00-I09 I11 I13 I20-I51),Heart disease,Michigan,27693,292.9
5147,2016,Diseases of heart (I00-I09 I11 I13 I20-I51),Heart disease,Minnesota,7825,114.9
5148,2015,Diseases of heart (I00-I09 I11 I13 I20-I51),Heart disease,Minnesota,7844,116.6
5149,2014,Diseases of heart (I00-I09 I11 I13 I20-I51),Heart disease,Minnesota,7659,116.5
5150,2013,Diseases of heart (I00-I09 I11 I13 I20-I51),Heart disease,Minnesota,7714,119.6
5151,2012,Diseases of heart (I00-I09 I11 I13 I20-I51),Heart disease,Minnesota,7496,119.2
5152,2011,Diseases of heart (I00-I09 I11 I13 I20-I51),Heart disease,Minnesota,7240,117
5153,2010,Diseases of heart (I00-I09 I11 I13 I20-I51),Heart disease,Minnesota,7185,119.4
5154,2009,Diseases of heart (I00-I09 I11 I13 I20-I51),Heart disease,Minnesota,7238,122.1
5155,2008,Diseases of heart (I00-I09 I11 I13 I20-I51),Heart disease,Minnesota,7367,126.6
5156,2007,Diseases of heart (I00-I09 I11 I13 I20-I51),Heart disease,Minnesota,7477,130.7
5157,2006,Diseases of heart (I00-I09 I11 I13 I20-I51),Heart disease,Minnesota,7525,134.9
5158,2005,Diseases of heart (I00-I09 I11 I13 I20-I51),Heart disease,Minnesota,7926,145.4
5159,2004,Diseases of heart (I00-I09 I11 I13 I20-I51),Heart disease,Minnesota,7891,146.7
5160,2003,Diseases of heart (I00-I09 I11 I13 I20-I51),Heart disease,Minnesota,8144,154.1
5161,2002,Diseases of heart (I00-I09 I11 I13 I20-I51),Heart disease,Minnesota,8602,165.9
5162,2001,Diseases of heart (I00-I09 I11 I13 I20-I51),Heart disease,Minnesota,8760,172
5163,2000,Diseases of heart (I00-I09 I11 I13 I20-I51),Heart disease,Minnesota,8885,177.7
5164,1999,Diseases of heart (I00-I09 I11 I13 I20-I51),Heart disease,Minnesota,9533,192.4
5165,2016,Diseases of heart (I00-I09 I11 I13 I20-I51),Heart disease,Mississippi,7865,233.1
5166,2015,Diseases of heart (I00-I09 I11 I13 I20-I51),Heart disease,Mississippi,7969,240.5
5167,2014,Diseases of heart (I00-I09 I11 I13 I20-I51),Heart disease,Mississippi,7538,229.9
5168,2013,Diseases of heart (I00-I09 I11 I13 I20-I51),Heart disease,Mississippi,7715,240
5169,2012,Diseases of heart (I00-I09 I11 I13 I20-I51),Heart disease,Mississippi,7269,231.3
5170,2011,Diseases of heart (I00-I09 I11 I13 I20-I51),Heart disease,Mississippi,7335,240.1
5171,2010,Diseases of heart (I00-I09 I11 I13 I20-I51),Heart disease,Mississippi,7542,251.1
5172,2009,Diseases of heart (I00-I09 I11 I13 I20-I51),Heart disease,Mississippi,7530,253.8
5173,2008,Diseases of heart (I00-I09 I11 I13 I20-I51),Heart disease,Mississippi,7997,273.2
5174,2007,Diseases of heart (I00-I09 I11 I13 I20-I51),Heart disease,Mississippi,8037,278.5
5175,2006,Diseases of heart (I00-I09 I11 I13 I20-I51),Heart disease,Mississippi,8097,285.4
5176,2005,Diseases of heart (I00-I09 I11 I13 I20-I51),Heart disease,Mississippi,8637,306.4
5177,2004,Diseases of heart (I00-I09 I11 I13 I20-I51),Heart disease,Mississippi,8282,298.8
5178,2003,Diseases of heart (I00-I09 I11 I13 I20-I51),Heart disease,Mississippi,8683,317.1
5179,2002,Diseases of heart (I00-I09 I11 I13 I20-I51),Heart disease,Mississippi,9061,332.6
5180,2001,Diseases of heart (I00-I09 I11 I13 I20-I51),Heart disease,Mississippi,9050,333.5
5181,2000,Diseases of heart (I00-I09 I11 I13 I20-I51),Heart disease,Mississippi,9256,341.2
5182,1999,Diseases of heart (I00-I09 I11 I13 I20-I51),Heart disease,Mississippi,9336,347.4
5183,2016,Diseases of heart (I00-I09 I11 I13 I20-I51),Heart disease,Missouri,14579,192.1
5184,2015,Diseases of heart (I00-I09 I11 I13 I20-I51),Heart disease,Missouri,14808,197.9
5185,2014,Diseases of heart (I00-I09 I11 I13 I20-I51),Heart disease,Missouri,14338,194.7
5186,2013,Diseases of heart (I00-I09 I11 I13 I20-I51),Heart disease,Missouri,14095,194.7
5187,2012,Diseases of heart (I00-I09 I11 I13 I20-I51),Heart disease,Missouri,13742,193.4
5188,2011,Diseases of heart (I00-I09 I11 I13 I20-I51),Heart disease,Missouri,13810,197.4
5189,2010,Diseases of heart (I00-I09 I11 I13 I20-I51),Heart disease,Missouri,13840,201.8
5190,2009,Diseases of heart (I00-I09 I11 I13 I20-I51),Heart disease,Missouri,13916,206.1
5191,2008,Diseases of heart (I00-I09 I11 I13 I20-I51),Heart disease,Missouri,14644,219.8
5192,2007,Diseases of heart (I00-I09 I11 I13 I20-I51),Heart disease,Missouri,14338,218.9
5193,2006,Diseases of heart (I00-I09 I11 I13 I20-I51),Heart disease,Missouri,14749,228.8
5194,2005,Diseases of heart (I00-I09 I11 I13 I20-I51),Heart disease,Missouri,14974,236.8
5195,2004,Diseases of heart (I00-I09 I11 I13 I20-I51),Heart disease,Missouri,15500,248.5
5196,2003,Diseases of heart (I00-I09 I11 I13 I20-I51),Heart disease,Missouri,16410,264.9
5197,2002,Diseases of heart (I00-I09 I11 I13 I20-I51),Heart disease,Missouri,16708,272.7
5198,2001,Diseases of heart (I00-I09 I11 I13 I20-I51),Heart disease,Missouri,16633,273.4
5199,2000,Diseases of heart (I00-I09 I11 I13 I20-I51),Heart disease,Missouri,17235,286
5200,1999,Diseases of heart (I00-I09 I11 I13 I20-I51),Heart disease,Missouri,17974,300.5
5201,2016,Diseases of heart (I00-I09 I11 I13 I20-I51),Heart disease,Montana,2138,154.4
5202,2015,Diseases of heart (I00-I09 I11 I13 I20-I51),Heart disease,Montana,2104,155.8
5203,2014,Diseases of heart (I00-I09 I11 I13 I20-I51),Heart disease,Montana,1957,147.8
5204,2013,Diseases of heart (I00-I09 I11 I13 I20-I51),Heart disease,Montana,2004,154.3
5205,2012,Diseases of heart (I00-I09 I11 I13 I20-I51),Heart disease,Montana,1903,151.1
5206,2011,Diseases of heart (I00-I09 I11 I13 I20-I51),Heart disease,Montana,1921,156.9
5207,2010,Diseases of heart (I00-I09 I11 I13 I20-I51),Heart disease,Montana,1849,154.2
5208,2009,Diseases of heart (I00-I09 I11 I13 I20-I51),Heart disease,Montana,1832,154.3
5209,2008,Diseases of heart (I00-I09 I11 I13 I20-I51),Heart disease,Montana,1975,170.6
5210,2007,Diseases of heart (I00-I09 I11 I13 I20-I51),Heart disease,Montana,1870,164.5
5211,2006,Diseases of heart (I00-I09 I11 I13 I20-I51),Heart disease,Montana,1869,169.4
5212,2005,Diseases of heart (I00-I09 I11 I13 I20-I51),Heart disease,Montana,1855,172.2
5213,2004,Diseases of heart (I00-I09 I11 I13 I20-I51),Heart disease,Montana,1838,175.1
5214,2003,Diseases of heart (I00-I09 I11 I13 I20-I51),Heart disease,Montana,1984,193.3
5215,2002,Diseases of heart (I00-I09 I11 I13 I20-I51),Heart disease,Montana,1944,192.8
5216,2001,Diseases of heart (I00-I09 I11 I13 I20-I51),Heart disease,Montana,1970,199
5217,2000,Diseases of heart (I00-I09 I11 I13 I20-I51),Heart disease,Montana,1995,205.7
5218,1999,Diseases of heart (I00-I09 I11 I13 I20-I51),Heart disease,Montana,2049,214.6
5219,2016,Diseases of heart (I00-I09 I11 I13 I20-I51),Heart disease,Nebraska,3322,140.3
5220,2015,Diseases of heart (I00-I09 I11 I13 I20-I51),Heart disease,Nebraska,3591,154.5
5221,2014,Diseases of heart (I00-I09 I11 I13 I20-I51),Heart disease,Nebraska,3296,143
5222,2013,Diseases of heart (I00-I09 I11 I13 I20-I51),Heart disease,Nebraska,3381,147.9
5223,2012,Diseases of heart (I00-I09 I11 I13 I20-I51),Heart disease,Nebraska,3307,146.9
5224,2011,Diseases of heart (I00-I09 I11 I13 I20-I51),Heart disease,Nebraska,3265,146.9
5225,2010,Diseases of heart (I00-I09 I11 I13 I20-I51),Heart disease,Nebraska,3355,154.2
5226,2009,Diseases of heart (I00-I09 I11 I13 I20-I51),Heart disease,Nebraska,3277,153.2
5227,2008,Diseases of heart (I00-I09 I11 I13 I20-I51),Heart disease,Nebraska,3459,163.2
5228,2007,Diseases of heart (I00-I09 I11 I13 I20-I51),Heart disease,Nebraska,3520,168.1
5229,2006,Diseases of heart (I00-I09 I11 I13 I20-I51),Heart disease,Nebraska,3445,168
5230,2005,Diseases of heart (I00-I09 I11 I13 I20-I51),Heart disease,Nebraska,3640,179.4
5231,2004,Diseases of heart (I00-I09 I11 I13 I20-I51),Heart disease,Nebraska,3738,187.2
5232,2003,Diseases of heart (I00-I09 I11 I13 I20-I51),Heart disease,Nebraska,3954,199.6
5233,2002,Diseases of heart (I00-I09 I11 I13 I20-I51),Heart disease,Nebraska,4242,215.5
5234,2001,Diseases of heart (I00-I09 I11 I13 I20-I51),Heart disease,Nebraska,4150,212
5235,2000,Diseases of heart (I00-I09 I11 I13 I20-I51),Heart disease,Nebraska,4197,217.1
5236,1999,Diseases of heart (I00-I09 I11 I13 I20-I51),Heart disease,Nebraska,4497,235
5237,2016,Diseases of heart (I00-I09 I11 I13 I20-I51),Heart disease,Nevada,6457,205.9
5238,2015,Diseases of heart (I00-I09 I11 I13 I20-I51),Heart disease,Nevada,6114,200.9
5239,2014,Diseases of heart (I00-I09 I11 I13 I20-I51),Heart disease,Nevada,5761,197.2
5240,2013,Diseases of heart (I00-I09 I11 I13 I20-I51),Heart disease,Nevada,5434,195.1
5241,2012,Diseases of heart (I00-I09 I11 I13 I20-I51),Heart disease,Nevada,5166,192.5
5242,2011,Diseases of heart (I00-I09 I11 I13 I20-I51),Heart disease,Nevada,5043,196.3
5243,2010,Diseases of heart (I00-I09 I11 I13 I20-I51),Heart disease,Nevada,4811,197.3
5244,2009,Diseases of heart (I00-I09 I11 I13 I20-I51),Heart disease,Nevada,4687,194.7
5245,2008,Diseases of heart (I00-I09 I11 I13 I20-I51),Heart disease,Nevada,4646,202
5246,2007,Diseases of heart (I00-I09 I11 I13 I20-I51),Heart disease,Nevada,4591,205.6
5247,2006,Diseases of heart (I00-I09 I11 I13 I20-I51),Heart disease,Nevada,5013,233.7
5248,2005,Diseases of heart (I00-I09 I11 I13 I20-I51),Heart disease,Nevada,5094,246.7
5249,2004,Diseases of heart (I00-I09 I11 I13 I20-I51),Heart disease,Nevada,4693,240
5250,2003,Diseases of heart (I00-I09 I11 I13 I20-I51),Heart disease,Nevada,4599,244
5251,2002,Diseases of heart (I00-I09 I11 I13 I20-I51),Heart disease,Nevada,4421,247.5
5252,2001,Diseases of heart (I00-I09 I11 I13 I20-I51),Heart disease,Nevada,4393,257.8
5253,2000,Diseases of heart (I00-I09 I11 I13 I20-I51),Heart disease,Nevada,4089,255.3
5254,1999,Diseases of heart (I00-I09 I11 I13 I20-I51),Heart disease,Nevada,4231,274.3
5255,2016,Diseases of heart (I00-I09 I11 I13 I20-I51),Heart disease,New Hampshire,2631,151.1
5256,2015,Diseases of heart (I00-I09 I11 I13 I20-I51),Heart disease,New Hampshire,2571,149
5257,2014,Diseases of heart (I00-I09 I11 I13 I20-I51),Heart disease,New Hampshire,2464,147.9
5258,2013,Diseases of heart (I00-I09 I11 I13 I20-I51),Heart disease,New Hampshire,2434,148.9
5259,2012,Diseases of heart (I00-I09 I11 I13 I20-I51),Heart disease,New Hampshire,2324,146.1
5260,2011,Diseases of heart (I00-I09 I11 I13 I20-I51),Heart disease,New Hampshire,2333,151
5261,2010,Diseases of heart (I00-I09 I11 I13 I20-I51),Heart disease,New Hampshire,2290,152.7
5262,2009,Diseases of heart (I00-I09 I11 I13 I20-I51),Heart disease,New Hampshire,2268,153.4
5263,2008,Diseases of heart (I00-I09 I11 I13 I20-I51),Heart disease,New Hampshire,2409,166
5264,2007,Diseases of heart (I00-I09 I11 I13 I20-I51),Heart disease,New Hampshire,2511,176.9
5265,2006,Diseases of heart (I00-I09 I11 I13 I20-I51),Heart disease,New Hampshire,2501,181.1
5266,2005,Diseases of heart (I00-I09 I11 I13 I20-I51),Heart disease,New Hampshire,2530,189.8
5267,2004,Diseases of heart (I00-I09 I11 I13 I20-I51),Heart disease,New Hampshire,2639,203.4
5268,2003,Diseases of heart (I00-I09 I11 I13 I20-I51),Heart disease,New Hampshire,2725,216.7
5269,2002,Diseases of heart (I00-I09 I11 I13 I20-I51),Heart disease,New Hampshire,2776,225
5270,2001,Diseases of heart (I00-I09 I11 I13 I20-I51),Heart disease,New Hampshire,2835,234.6
5271,2000,Diseases of heart (I00-I09 I11 I13 I20-I51),Heart disease,New Hampshire,2811,237.3
5272,1999,Diseases of heart (I00-I09 I11 I13 I20-I51),Heart disease,New Hampshire,2751,236.2
5273,2016,Diseases of heart (I00-I09 I11 I13 I20-I51),Heart disease,New Jersey,18597,164.7
5274,2015,Diseases of heart (I00-I09 I11 I13 I20-I51),Heart disease,New Jersey,18647,166.7
5275,2014,Diseases of heart (I00-I09 I11 I13 I20-I51),Heart disease,New Jersey,18319,166.3
5276,2013,Diseases of heart (I00-I09 I11 I13 I20-I51),Heart disease,New Jersey,18460,170.1
5277,2012,Diseases of heart (I00-I09 I11 I13 I20-I51),Heart disease,New Jersey,18340,171.5
5278,2011,Diseases of heart (I00-I09 I11 I13 I20-I51),Heart disease,New Jersey,18330,174.9
5279,2010,Diseases of heart (I00-I09 I11 I13 I20-I51),Heart disease,New Jersey,18730,182
5280,2009,Diseases of heart (I00-I09 I11 I13 I20-I51),Heart disease,New Jersey,18086,178.6
5281,2008,Diseases of heart (I00-I09 I11 I13 I20-I51),Heart disease,New Jersey,19056,191.6
5282,2007,Diseases of heart (I00-I09 I11 I13 I20-I51),Heart disease,New Jersey,18831,193
5283,2006,Diseases of heart (I00-I09 I11 I13 I20-I51),Heart disease,New Jersey,19548,203.9
5284,2005,Diseases of heart (I00-I09 I11 I13 I20-I51),Heart disease,New Jersey,20655,219.1
5285,2004,Diseases of heart (I00-I09 I11 I13 I20-I51),Heart disease,New Jersey,20560,221.8
5286,2003,Diseases of heart (I00-I09 I11 I13 I20-I51),Heart disease,New Jersey,22043,239.9
5287,2002,Diseases of heart (I00-I09 I11 I13 I20-I51),Heart disease,New Jersey,22510,248.6
5288,2001,Diseases of heart (I00-I09 I11 I13 I20-I51),Heart disease,New Jersey,22704,254
5289,2000,Diseases of heart (I00-I09 I11 I13 I20-I51),Heart disease,New Jersey,23724,269.4
5290,1999,Diseases of heart (I00-I09 I11 I13 I20-I51),Heart disease,New Jersey,23493,270.5
5291,2016,Diseases of heart (I00-I09 I11 I13 I20-I51),Heart disease,New Mexico,3800,150.6
5292,2015,Diseases of heart (I00-I09 I11 I13 I20-I51),Heart disease,New Mexico,3508,142.4
5293,2014,Diseases of heart (I00-I09 I11 I13 I20-I51),Heart disease,New Mexico,3424,143.3
5294,2013,Diseases of heart (I00-I09 I11 I13 I20-I51),Heart disease,New Mexico,3425,147.1
5295,2012,Diseases of heart (I00-I09 I11 I13 I20-I51),Heart disease,New Mexico,3352,147.8
5296,2011,Diseases of heart (I00-I09 I11 I13 I20-I51),Heart disease,New Mexico,3333,150.3
5297,2010,Diseases of heart (I00-I09 I11 I13 I20-I51),Heart disease,New Mexico,3224,151.2
5298,2009,Diseases of heart (I00-I09 I11 I13 I20-I51),Heart disease,New Mexico,3214,153.6
5299,2008,Diseases of heart (I00-I09 I11 I13 I20-I51),Heart disease,New Mexico,3275,161.3
5300,2007,Diseases of heart (I00-I09 I11 I13 I20-I51),Heart disease,New Mexico,3305,167.2
5301,2006,Diseases of heart (I00-I09 I11 I13 I20-I51),Heart disease,New Mexico,3411,179.5
5302,2005,Diseases of heart (I00-I09 I11 I13 I20-I51),Heart disease,New Mexico,3435,186.3
5303,2004,Diseases of heart (I00-I09 I11 I13 I20-I51),Heart disease,New Mexico,3264,183.1
5304,2003,Diseases of heart (I00-I09 I11 I13 I20-I51),Heart disease,New Mexico,3402,194.8
5305,2002,Diseases of heart (I00-I09 I11 I13 I20-I51),Heart disease,New Mexico,3360,196.4
5306,2001,Diseases of heart (I00-I09 I11 I13 I20-I51),Heart disease,New Mexico,3423,204.8
5307,2000,Diseases of heart (I00-I09 I11 I13 I20-I51),Heart disease,New Mexico,3191,196.6
5308,1999,Diseases of heart (I00-I09 I11 I13 I20-I51),Heart disease,New Mexico,3452,218
5309,2016,Diseases of heart (I00-I09 I11 I13 I20-I51),Heart disease,New York,44076,177.8
5310,2015,Diseases of heart (I00-I09 I11 I13 I20-I51),Heart disease,New York,44450,181.6
5311,2014,Diseases of heart (I00-I09 I11 I13 I20-I51),Heart disease,New York,43116,178.3
5312,2013,Diseases of heart (I00-I09 I11 I13 I20-I51),Heart disease,New York,44039,184.8
5313,2012,Diseases of heart (I00-I09 I11 I13 I20-I51),Heart disease,New York,43795,186.5
5314,2011,Diseases of heart (I00-I09 I11 I13 I20-I51),Heart disease,New York,44501,193.8
5315,2010,Diseases of heart (I00-I09 I11 I13 I20-I51),Heart disease,New York,44981,200
5316,2009,Diseases of heart (I00-I09 I11 I13 I20-I51),Heart disease,New York,47283,213.2
5317,2008,Diseases of heart (I00-I09 I11 I13 I20-I51),Heart disease,New York,49324,225.8
5318,2007,Diseases of heart (I00-I09 I11 I13 I20-I51),Heart disease,New York,49528,230.4
5319,2006,Diseases of heart (I00-I09 I11 I13 I20-I51),Heart disease,New York,50470,238.2
5320,2005,Diseases of heart (I00-I09 I11 I13 I20-I51),Heart disease,New York,51985,248.3
5321,2004,Diseases of heart (I00-I09 I11 I13 I20-I51),Heart disease,New York,52480,254.6
5322,2003,Diseases of heart (I00-I09 I11 I13 I20-I51),Heart disease,New York,55276,270.9
5323,2002,Diseases of heart (I00-I09 I11 I13 I20-I51),Heart disease,New York,56672,281.4
5324,2001,Diseases of heart (I00-I09 I11 I13 I20-I51),Heart disease,New York,56643,284.9
5325,2000,Diseases of heart (I00-I09 I11 I13 I20-I51),Heart disease,New York,57474,293.8
5326,1999,Diseases of heart (I00-I09 I11 I13 I20-I51),Heart disease,New York,58987,306.1
5327,2016,Diseases of heart (I00-I09 I11 I13 I20-I51),Heart disease,North Carolina,18266,155.8
5328,2015,Diseases of heart (I00-I09 I11 I13 I20-I51),Heart disease,North Carolina,18474,162.4
5329,2014,Diseases of heart (I00-I09 I11 I13 I20-I51),Heart disease,North Carolina,17592,158.7
5330,2013,Diseases of heart (I00-I09 I11 I13 I20-I51),Heart disease,North Carolina,17830,165.3
5331,2012,Diseases of heart (I00-I09 I11 I13 I20-I51),Heart disease,North Carolina,17348,166.1
5332,2011,Diseases of heart (I00-I09 I11 I13 I20-I51),Heart disease,North Carolina,17003,167.9
5333,2010,Diseases of heart (I00-I09 I11 I13 I20-I51),Heart disease,North Carolina,17154,174.9
5334,2009,Diseases of heart (I00-I09 I11 I13 I20-I51),Heart disease,North Carolina,17203,179.7
5335,2008,Diseases of heart (I00-I09 I11 I13 I20-I51),Heart disease,North Carolina,17335,186.4
5336,2007,Diseases of heart (I00-I09 I11 I13 I20-I51),Heart disease,North Carolina,17395,193
5337,2006,Diseases of heart (I00-I09 I11 I13 I20-I51),Heart disease,North Carolina,17271,197.6
5338,2005,Diseases of heart (I00-I09 I11 I13 I20-I51),Heart disease,North Carolina,17765,211.7
5339,2004,Diseases of heart (I00-I09 I11 I13 I20-I51),Heart disease,North Carolina,17607,215.2
5340,2003,Diseases of heart (I00-I09 I11 I13 I20-I51),Heart disease,North Carolina,18674,233.3
5341,2002,Diseases of heart (I00-I09 I11 I13 I20-I51),Heart disease,North Carolina,18524,237.6
5342,2001,Diseases of heart (I00-I09 I11 I13 I20-I51),Heart disease,North Carolina,18792,246.1
5343,2000,Diseases of heart (I00-I09 I11 I13 I20-I51),Heart disease,North Carolina,19723,264.5
5344,1999,Diseases of heart (I00-I09 I11 I13 I20-I51),Heart disease,North Carolina,19191,260.9
5345,2016,Diseases of heart (I00-I09 I11 I13 I20-I51),Heart disease,North Dakota,1338,140.9
5346,2015,Diseases of heart (I00-I09 I11 I13 I20-I51),Heart disease,North Dakota,1323,142.4
5347,2014,Diseases of heart (I00-I09 I11 I13 I20-I51),Heart disease,North Dakota,1381,149.2
5348,2013,Diseases of heart (I00-I09 I11 I13 I20-I51),Heart disease,North Dakota,1382,150.7
5349,2012,Diseases of heart (I00-I09 I11 I13 I20-I51),Heart disease,North Dakota,1368,151.6
5350,2011,Diseases of heart (I00-I09 I11 I13 I20-I51),Heart disease,North Dakota,1290,144.6
5351,2010,Diseases of heart (I00-I09 I11 I13 I20-I51),Heart disease,North Dakota,1395,158
5352,2009,Diseases of heart (I00-I09 I11 I13 I20-I51),Heart disease,North Dakota,1431,165.8
5353,2008,Diseases of heart (I00-I09 I11 I13 I20-I51),Heart disease,North Dakota,1391,160.8
5354,2007,Diseases of heart (I00-I09 I11 I13 I20-I51),Heart disease,North Dakota,1414,165.9
5355,2006,Diseases of heart (I00-I09 I11 I13 I20-I51),Heart disease,North Dakota,1527,182
5356,2005,Diseases of heart (I00-I09 I11 I13 I20-I51),Heart disease,North Dakota,1512,181.3
5357,2004,Diseases of heart (I00-I09 I11 I13 I20-I51),Heart disease,North Dakota,1470,178
5358,2003,Diseases of heart (I00-I09 I11 I13 I20-I51),Heart disease,North Dakota,1632,201.8
5359,2002,Diseases of heart (I00-I09 I11 I13 I20-I51),Heart disease,North Dakota,1623,203.1
5360,2001,Diseases of heart (I00-I09 I11 I13 I20-I51),Heart disease,North Dakota,1700,212.3
5361,2000,Diseases of heart (I00-I09 I11 I13 I20-I51),Heart disease,North Dakota,1679,212.8
5362,1999,Diseases of heart (I00-I09 I11 I13 I20-I51),Heart disease,North Dakota,1833,234.2
5363,2016,Diseases of heart (I00-I09 I11 I13 I20-I51),Heart disease,Ohio,27410,185.1
5364,2015,Diseases of heart (I00-I09 I11 I13 I20-I51),Heart disease,Ohio,28069,191.7
5365,2014,Diseases of heart (I00-I09 I11 I13 I20-I51),Heart disease,Ohio,27000,186.4
5366,2013,Diseases of heart (I00-I09 I11 I13 I20-I51),Heart disease,Ohio,26878,187.9
5367,2012,Diseases of heart (I00-I09 I11 I13 I20-I51),Heart disease,Ohio,26426,187.7
5368,2011,Diseases of heart (I00-I09 I11 I13 I20-I51),Heart disease,Ohio,26298,190
5369,2010,Diseases of heart (I00-I09 I11 I13 I20-I51),Heart disease,Ohio,26164,192.4
5370,2009,Diseases of heart (I00-I09 I11 I13 I20-I51),Heart disease,Ohio,25453,190
5371,2008,Diseases of heart (I00-I09 I11 I13 I20-I51),Heart disease,Ohio,27324,206.9
5372,2007,Diseases of heart (I00-I09 I11 I13 I20-I51),Heart disease,Ohio,26757,205.7
5373,2006,Diseases of heart (I00-I09 I11 I13 I20-I51),Heart disease,Ohio,27886,218.5
5374,2005,Diseases of heart (I00-I09 I11 I13 I20-I51),Heart disease,Ohio,29003,231.9
5375,2004,Diseases of heart (I00-I09 I11 I13 I20-I51),Heart disease,Ohio,29078,235.8
5376,2003,Diseases of heart (I00-I09 I11 I13 I20-I51),Heart disease,Ohio,30667,251.2
5377,2002,Diseases of heart (I00-I09 I11 I13 I20-I51),Heart disease,Ohio,31388,261.2
5378,2001,Diseases of heart (I00-I09 I11 I13 I20-I51),Heart disease,Ohio,32453,273.5
5379,2000,Diseases of heart (I00-I09 I11 I13 I20-I51),Heart disease,Ohio,32722,279.2
5380,1999,Diseases of heart (I00-I09 I11 I13 I20-I51),Heart disease,Ohio,33192,285.7
5381,2016,Diseases of heart (I00-I09 I11 I13 I20-I51),Heart disease,Oklahoma,10209,228.2
5382,2015,Diseases of heart (I00-I09 I11 I13 I20-I51),Heart disease,Oklahoma,10310,234
5383,2014,Diseases of heart (I00-I09 I11 I13 I20-I51),Heart disease,Oklahoma,9868,228.1
5384,2013,Diseases of heart (I00-I09 I11 I13 I20-I51),Heart disease,Oklahoma,9721,228.5
5385,2012,Diseases of heart (I00-I09 I11 I13 I20-I51),Heart disease,Oklahoma,9198,220.4
5386,2011,Diseases of heart (I00-I09 I11 I13 I20-I51),Heart disease,Oklahoma,9399,228.8
5387,2010,Diseases of heart (I00-I09 I11 I13 I20-I51),Heart disease,Oklahoma,9426,235.2
5388,2009,Diseases of heart (I00-I09 I11 I13 I20-I51),Heart disease,Oklahoma,9202,232.6
5389,2008,Diseases of heart (I00-I09 I11 I13 I20-I51),Heart disease,Oklahoma,9767,252
5390,2007,Diseases of heart (I00-I09 I11 I13 I20-I51),Heart disease,Oklahoma,9602,251.1
5391,2006,Diseases of heart (I00-I09 I11 I13 I20-I51),Heart disease,Oklahoma,9798,260.1
5392,2005,Diseases of heart (I00-I09 I11 I13 I20-I51),Heart disease,Oklahoma,10043,272.4
5393,2004,Diseases of heart (I00-I09 I11 I13 I20-I51),Heart disease,Oklahoma,10335,283.2
5394,2003,Diseases of heart (I00-I09 I11 I13 I20-I51),Heart disease,Oklahoma,11061,304.9
5395,2002,Diseases of heart (I00-I09 I11 I13 I20-I51),Heart disease,Oklahoma,11230,311.3
5396,2001,Diseases of heart (I00-I09 I11 I13 I20-I51),Heart disease,Oklahoma,10840,301.6
5397,2000,Diseases of heart (I00-I09 I11 I13 I20-I51),Heart disease,Oklahoma,11297,315
5398,1999,Diseases of heart (I00-I09 I11 I13 I20-I51),Heart disease,Oklahoma,11263,316.1
5399,2016,Diseases of heart (I00-I09 I11 I13 I20-I51),Heart disease,Oregon,6968,135
5400,2015,Diseases of heart (I00-I09 I11 I13 I20-I51),Heart disease,Oregon,6859,136.1
5401,2014,Diseases of heart (I00-I09 I11 I13 I20-I51),Heart disease,Oregon,6524,132.1
5402,2013,Diseases of heart (I00-I09 I11 I13 I20-I51),Heart disease,Oregon,6523,135.1
5403,2012,Diseases of heart (I00-I09 I11 I13 I20-I51),Heart disease,Oregon,6180,130.3
5404,2011,Diseases of heart (I00-I09 I11 I13 I20-I51),Heart disease,Oregon,6255,135.3
5405,2010,Diseases of heart (I00-I09 I11 I13 I20-I51),Heart disease,Oregon,6198,137.9
5406,2009,Diseases of heart (I00-I09 I11 I13 I20-I51),Heart disease,Oregon,6262,141.2
5407,2008,Diseases of heart (I00-I09 I11 I13 I20-I51),Heart disease,Oregon,6519,150.8
5408,2007,Diseases of heart (I00-I09 I11 I13 I20-I51),Heart disease,Oregon,6655,157.6
5409,2006,Diseases of heart (I00-I09 I11 I13 I20-I51),Heart disease,Oregon,6620,160.9
5410,2005,Diseases of heart (I00-I09 I11 I13 I20-I51),Heart disease,Oregon,6791,169.7
5411,2004,Diseases of heart (I00-I09 I11 I13 I20-I51),Heart disease,Oregon,6725,172.4
5412,2003,Diseases of heart (I00-I09 I11 I13 I20-I51),Heart disease,Oregon,7049,184.4
5413,2002,Diseases of heart (I00-I09 I11 I13 I20-I51),Heart disease,Oregon,7262,194.2
5414,2001,Diseases of heart (I00-I09 I11 I13 I20-I51),Heart disease,Oregon,7075,193.2
5415,2000,Diseases of heart (I00-I09 I11 I13 I20-I51),Heart disease,Oregon,7094,198.1
5416,1999,Diseases of heart (I00-I09 I11 I13 I20-I51),Heart disease,Oregon,7263,205.7
5417,2016,Diseases of heart (I00-I09 I11 I13 I20-I51),Heart disease,Pennsylvania,31990,176.2
5418,2015,Diseases of heart (I00-I09 I11 I13 I20-I51),Heart disease,Pennsylvania,32042,177.8
5419,2014,Diseases of heart (I00-I09 I11 I13 I20-I51),Heart disease,Pennsylvania,31353,175.8
5420,2013,Diseases of heart (I00-I09 I11 I13 I20-I51),Heart disease,Pennsylvania,31629,179
5421,2012,Diseases of heart (I00-I09 I11 I13 I20-I51),Heart disease,Pennsylvania,30952,177.7
5422,2011,Diseases of heart (I00-I09 I11 I13 I20-I51),Heart disease,Pennsylvania,31934,185.9
5423,2010,Diseases of heart (I00-I09 I11 I13 I20-I51),Heart disease,Pennsylvania,31556,187
5424,2009,Diseases of heart (I00-I09 I11 I13 I20-I51),Heart disease,Pennsylvania,32297,193.8
5425,2008,Diseases of heart (I00-I09 I11 I13 I20-I51),Heart disease,Pennsylvania,33308,201.8
5426,2007,Diseases of heart (I00-I09 I11 I13 I20-I51),Heart disease,Pennsylvania,32862,201.3
5427,2006,Diseases of heart (I00-I09 I11 I13 I20-I51),Heart disease,Pennsylvania,33744,210.4
5428,2005,Diseases of heart (I00-I09 I11 I13 I20-I51),Heart disease,Pennsylvania,36207,229.3
5429,2004,Diseases of heart (I00-I09 I11 I13 I20-I51),Heart disease,Pennsylvania,36434,233.8
5430,2003,Diseases of heart (I00-I09 I11 I13 I20-I51),Heart disease,Pennsylvania,38075,246.2
5431,2002,Diseases of heart (I00-I09 I11 I13 I20-I51),Heart disease,Pennsylvania,38852,254.7
5432,2001,Diseases of heart (I00-I09 I11 I13 I20-I51),Heart disease,Pennsylvania,39438,261.1
5433,2000,Diseases of heart (I00-I09 I11 I13 I20-I51),Heart disease,Pennsylvania,40708,271.9
5434,1999,Diseases of heart (I00-I09 I11 I13 I20-I51),Heart disease,Pennsylvania,41707,281.7
5435,2016,Diseases of heart (I00-I09 I11 I13 I20-I51),Heart disease,Rhode Island,2256,152.4
5436,2015,Diseases of heart (I00-I09 I11 I13 I20-I51),Heart disease,Rhode Island,2371,160.4
5437,2014,Diseases of heart (I00-I09 I11 I13 I20-I51),Heart disease,Rhode Island,2341,160.8
5438,2013,Diseases of heart (I00-I09 I11 I13 I20-I51),Heart disease,Rhode Island,2364,163.4
5439,2012,Diseases of heart (I00-I09 I11 I13 I20-I51),Heart disease,Rhode Island,2360,165.2
5440,2011,Diseases of heart (I00-I09 I11 I13 I20-I51),Heart disease,Rhode Island,2390,167.7
5441,2010,Diseases of heart (I00-I09 I11 I13 I20-I51),Heart disease,Rhode Island,2322,167.1
5442,2009,Diseases of heart (I00-I09 I11 I13 I20-I51),Heart disease,Rhode Island,2411,173.8
5443,2008,Diseases of heart (I00-I09 I11 I13 I20-I51),Heart disease,Rhode Island,2657,193.6
5444,2007,Diseases of heart (I00-I09 I11 I13 I20-I51),Heart disease,Rhode Island,2751,203
5445,2006,Diseases of heart (I00-I09 I11 I13 I20-I51),Heart disease,Rhode Island,2718,201.5
5446,2005,Diseases of heart (I00-I09 I11 I13 I20-I51),Heart disease,Rhode Island,3005,226.9
5447,2004,Diseases of heart (I00-I09 I11 I13 I20-I51),Heart disease,Rhode Island,2969,225.9
5448,2003,Diseases of heart (I00-I09 I11 I13 I20-I51),Heart disease,Rhode Island,3011,231.9
5449,2002,Diseases of heart (I00-I09 I11 I13 I20-I51),Heart disease,Rhode Island,3109,243.6
5450,2001,Diseases of heart (I00-I09 I11 I13 I20-I51),Heart disease,Rhode Island,3076,244.3
5451,2000,Diseases of heart (I00-I09 I11 I13 I20-I51),Heart disease,Rhode Island,3115,249.5
5452,1999,Diseases of heart (I00-I09 I11 I13 I20-I51),Heart disease,Rhode Island,3008,244.1
5453,2016,Diseases of heart (I00-I09 I11 I13 I20-I51),Heart disease,South Carolina,10195,173.8
5454,2015,Diseases of heart (I00-I09 I11 I13 I20-I51),Heart disease,South Carolina,10092,177.8
5455,2014,Diseases of heart (I00-I09 I11 I13 I20-I51),Heart disease,South Carolina,9964,181.1
5456,2013,Diseases of heart (I00-I09 I11 I13 I20-I51),Heart disease,South Carolina,9648,180
5457,2012,Diseases of heart (I00-I09 I11 I13 I20-I51),Heart disease,South Carolina,9364,180.2
5458,2011,Diseases of heart (I00-I09 I11 I13 I20-I51),Heart disease,South Carolina,9295,184.5
5459,2010,Diseases of heart (I00-I09 I11 I13 I20-I51),Heart disease,South Carolina,9295,189.9
5460,2009,Diseases of heart (I00-I09 I11 I13 I20-I51),Heart disease,South Carolina,9068,189.5
5461,2008,Diseases of heart (I00-I09 I11 I13 I20-I51),Heart disease,South Carolina,8996,193.4
5462,2007,Diseases of heart (I00-I09 I11 I13 I20-I51),Heart disease,South Carolina,8992,199.9
5463,2006,Diseases of heart (I00-I09 I11 I13 I20-I51),Heart disease,South Carolina,9030,206.8
5464,2005,Diseases of heart (I00-I09 I11 I13 I20-I51),Heart disease,South Carolina,9359,223.9
5465,2004,Diseases of heart (I00-I09 I11 I13 I20-I51),Heart disease,South Carolina,9182,225.6
5466,2003,Diseases of heart (I00-I09 I11 I13 I20-I51),Heart disease,South Carolina,9510,240.1
5467,2002,Diseases of heart (I00-I09 I11 I13 I20-I51),Heart disease,South Carolina,9659,249.4
5468,2001,Diseases of heart (I00-I09 I11 I13 I20-I51),Heart disease,South Carolina,9471,248.6
5469,2000,Diseases of heart (I00-I09 I11 I13 I20-I51),Heart disease,South Carolina,9893,265.8
5470,1999,Diseases of heart (I00-I09 I11 I13 I20-I51),Heart disease,South Carolina,9981,273.4
5471,2016,Diseases of heart (I00-I09 I11 I13 I20-I51),Heart disease,South Dakota,1729,153.4
5472,2015,Diseases of heart (I00-I09 I11 I13 I20-I51),Heart disease,South Dakota,1711,150.9
5473,2014,Diseases of heart (I00-I09 I11 I13 I20-I51),Heart disease,South Dakota,1704,154.6
5474,2013,Diseases of heart (I00-I09 I11 I13 I20-I51),Heart disease,South Dakota,1630,150.1
5475,2012,Diseases of heart (I00-I09 I11 I13 I20-I51),Heart disease,South Dakota,1668,155.4
5476,2011,Diseases of heart (I00-I09 I11 I13 I20-I51),Heart disease,South Dakota,1625,154
5477,2010,Diseases of heart (I00-I09 I11 I13 I20-I51),Heart disease,South Dakota,1616,155.2
5478,2009,Diseases of heart (I00-I09 I11 I13 I20-I51),Heart disease,South Dakota,1778,173.3
5479,2008,Diseases of heart (I00-I09 I11 I13 I20-I51),Heart disease,South Dakota,1681,167.4
5480,2007,Diseases of heart (I00-I09 I11 I13 I20-I51),Heart disease,South Dakota,1633,164.9
5481,2006,Diseases of heart (I00-I09 I11 I13 I20-I51),Heart disease,South Dakota,1757,180.6
5482,2005,Diseases of heart (I00-I09 I11 I13 I20-I51),Heart disease,South Dakota,1776,186.3
5483,2004,Diseases of heart (I00-I09 I11 I13 I20-I51),Heart disease,South Dakota,1783,189.2
5484,2003,Diseases of heart (I00-I09 I11 I13 I20-I51),Heart disease,South Dakota,1943,210.2
5485,2002,Diseases of heart (I00-I09 I11 I13 I20-I51),Heart disease,South Dakota,1937,212.1
5486,2001,Diseases of heart (I00-I09 I11 I13 I20-I51),Heart disease,South Dakota,1985,219.9
5487,2000,Diseases of heart (I00-I09 I11 I13 I20-I51),Heart disease,South Dakota,2105,234.5
5488,1999,Diseases of heart (I00-I09 I11 I13 I20-I51),Heart disease,South Dakota,2024,228.6
5489,2016,Diseases of heart (I00-I09 I11 I13 I20-I51),Heart disease,Tennessee,15429,198.8
5490,2015,Diseases of heart (I00-I09 I11 I13 I20-I51),Heart disease,Tennessee,15730,207.3
5491,2014,Diseases of heart (I00-I09 I11 I13 I20-I51),Heart disease,Tennessee,15223,205.6
5492,2013,Diseases of heart (I00-I09 I11 I13 I20-I51),Heart disease,Tennessee,14803,204.1
5493,2012,Diseases of heart (I00-I09 I11 I13 I20-I51),Heart disease,Tennessee,14454,203.7
5494,2011,Diseases of heart (I00-I09 I11 I13 I20-I51),Heart disease,Tennessee,14235,205.4
5495,2010,Diseases of heart (I00-I09 I11 I13 I20-I51),Heart disease,Tennessee,14582,217.4
5496,2009,Diseases of heart (I00-I09 I11 I13 I20-I51),Heart disease,Tennessee,14257,216.5
5497,2008,Diseases of heart (I00-I09 I11 I13 I20-I51),Heart disease,Tennessee,14661,228.1
5498,2007,Diseases of heart (I00-I09 I11 I13 I20-I51),Heart disease,Tennessee,14280,227.2
5499,2006,Diseases of heart (I00-I09 I11 I13 I20-I51),Heart disease,Tennessee,14642,238
5500,2005,Diseases of heart (I00-I09 I11 I13 I20-I51),Heart disease,Tennessee,14946,251.2
5501,2004,Diseases of heart (I00-I09 I11 I13 I20-I51),Heart disease,Tennessee,15038,258.6
5502,2003,Diseases of heart (I00-I09 I11 I13 I20-I51),Heart disease,Tennessee,15919,277.6
5503,2002,Diseases of heart (I00-I09 I11 I13 I20-I51),Heart disease,Tennessee,16226,287.3
5504,2001,Diseases of heart (I00-I09 I11 I13 I20-I51),Heart disease,Tennessee,15688,280.6
5505,2000,Diseases of heart (I00-I09 I11 I13 I20-I51),Heart disease,Tennessee,16174,293.6
5506,1999,Diseases of heart (I00-I09 I11 I13 I20-I51),Heart disease,Tennessee,16280,299
5507,2016,Diseases of heart (I00-I09 I11 I13 I20-I51),Heart disease,Texas,43772,167.7
5508,2011,Diseases of heart (I00-I09 I11 I13 I20-I51),Heart disease,Utah,3036,144.4
5509,2015,Diseases of heart (I00-I09 I11 I13 I20-I51),Heart disease,Texas,43298,171.6
5510,2014,Diseases of heart (I00-I09 I11 I13 I20-I51),Heart disease,Texas,41479,169.9
5511,2013,Diseases of heart (I00-I09 I11 I13 I20-I51),Heart disease,Texas,40203,170.7
5512,2012,Diseases of heart (I00-I09 I11 I13 I20-I51),Heart disease,Texas,39061,171.3
5513,2011,Diseases of heart (I00-I09 I11 I13 I20-I51),Heart disease,Texas,38094,172.5
5514,2010,Diseases of heart (I00-I09 I11 I13 I20-I51),Heart disease,Texas,38253,181.1
5515,2009,Diseases of heart (I00-I09 I11 I13 I20-I51),Heart disease,Texas,38077,184.1
5516,2008,Diseases of heart (I00-I09 I11 I13 I20-I51),Heart disease,Texas,38384,191.7
5517,2007,Diseases of heart (I00-I09 I11 I13 I20-I51),Heart disease,Texas,38912,200.1
5518,2006,Diseases of heart (I00-I09 I11 I13 I20-I51),Heart disease,Texas,38782,205.2
5519,2005,Diseases of heart (I00-I09 I11 I13 I20-I51),Heart disease,Texas,40152,220.4
5520,2004,Diseases of heart (I00-I09 I11 I13 I20-I51),Heart disease,Texas,40196,226.9
5521,2003,Diseases of heart (I00-I09 I11 I13 I20-I51),Heart disease,Texas,41779,241.2
5522,2002,Diseases of heart (I00-I09 I11 I13 I20-I51),Heart disease,Texas,43452,256.3
5523,2001,Diseases of heart (I00-I09 I11 I13 I20-I51),Heart disease,Texas,43199,259.1
5524,2000,Diseases of heart (I00-I09 I11 I13 I20-I51),Heart disease,Texas,43020,263.5
5525,1999,Diseases of heart (I00-I09 I11 I13 I20-I51),Heart disease,Texas,43418,270.1
5526,2016,Diseases of heart (I00-I09 I11 I13 I20-I51),Heart disease,United States,635260,165.5
5527,2015,Diseases of heart (I00-I09 I11 I13 I20-I51),Heart disease,United States,633842,168.5
5528,2014,Diseases of heart (I00-I09 I11 I13 I20-I51),Heart disease,United States,614348,167
5529,2013,Diseases of heart (I00-I09 I11 I13 I20-I51),Heart disease,United States,611105,169.8
5530,2012,Diseases of heart (I00-I09 I11 I13 I20-I51),Heart disease,United States,599711,170.5
5531,2011,Diseases of heart (I00-I09 I11 I13 I20-I51),Heart disease,United States,596577,173.7
5532,2010,Diseases of heart (I00-I09 I11 I13 I20-I51),Heart disease,United States,597689,179.1
5533,2009,Diseases of heart (I00-I09 I11 I13 I20-I51),Heart disease,United States,599413,182.8
5534,2008,Diseases of heart (I00-I09 I11 I13 I20-I51),Heart disease,United States,616828,192.1
5535,2007,Diseases of heart (I00-I09 I11 I13 I20-I51),Heart disease,United States,616067,196.1
5536,2006,Diseases of heart (I00-I09 I11 I13 I20-I51),Heart disease,United States,631636,205.5
5537,2005,Diseases of heart (I00-I09 I11 I13 I20-I51),Heart disease,United States,652091,216.8
5538,2004,Diseases of heart (I00-I09 I11 I13 I20-I51),Heart disease,United States,652486,221.6
5539,2003,Diseases of heart (I00-I09 I11 I13 I20-I51),Heart disease,United States,685089,236.3
5540,2002,Diseases of heart (I00-I09 I11 I13 I20-I51),Heart disease,United States,696947,244.6
5541,2001,Diseases of heart (I00-I09 I11 I13 I20-I51),Heart disease,United States,700142,249.5
5542,2000,Diseases of heart (I00-I09 I11 I13 I20-I51),Heart disease,United States,710760,257.6
5543,1999,Diseases of heart (I00-I09 I11 I13 I20-I51),Heart disease,United States,725192,266.5
5544,2016,Diseases of heart (I00-I09 I11 I13 I20-I51),Heart disease,Utah,3636,150
5545,2015,Diseases of heart (I00-I09 I11 I13 I20-I51),Heart disease,Utah,3598,152.9
5546,2014,Diseases of heart (I00-I09 I11 I13 I20-I51),Heart disease,Utah,3431,151
5547,2013,Diseases of heart (I00-I09 I11 I13 I20-I51),Heart disease,Utah,3323,149
5548,2010,Diseases of heart (I00-I09 I11 I13 I20-I51),Heart disease,Utah,2889,143.2
5549,2009,Diseases of heart (I00-I09 I11 I13 I20-I51),Heart disease,Utah,2813,142.2
5550,2008,Diseases of heart (I00-I09 I11 I13 I20-I51),Heart disease,Utah,2844,148.7
5551,2007,Diseases of heart (I00-I09 I11 I13 I20-I51),Heart disease,Utah,2980,161
5552,2006,Diseases of heart (I00-I09 I11 I13 I20-I51),Heart disease,Utah,2932,163.7
5553,2005,Diseases of heart (I00-I09 I11 I13 I20-I51),Heart disease,Utah,2872,167.9
5554,2004,Diseases of heart (I00-I09 I11 I13 I20-I51),Heart disease,Utah,2942,178.1
5555,2003,Diseases of heart (I00-I09 I11 I13 I20-I51),Heart disease,Utah,3018,187.4
5556,2002,Diseases of heart (I00-I09 I11 I13 I20-I51),Heart disease,Utah,2977,188.6
5557,2001,Diseases of heart (I00-I09 I11 I13 I20-I51),Heart disease,Utah,2896,187.7
5558,2000,Diseases of heart (I00-I09 I11 I13 I20-I51),Heart disease,Utah,2909,194
5559,1999,Diseases of heart (I00-I09 I11 I13 I20-I51),Heart disease,Utah,2786,190.1
5560,2016,Diseases of heart (I00-I09 I11 I13 I20-I51),Heart disease,Vermont,1366,158.8
5561,2015,Diseases of heart (I00-I09 I11 I13 I20-I51),Heart disease,Vermont,1311,152.5
5562,2014,Diseases of heart (I00-I09 I11 I13 I20-I51),Heart disease,Vermont,1311,156.6
5563,2013,Diseases of heart (I00-I09 I11 I13 I20-I51),Heart disease,Vermont,1220,149.6
5564,2012,Diseases of heart (I00-I09 I11 I13 I20-I51),Heart disease,Vermont,1206,150.6
5565,2011,Diseases of heart (I00-I09 I11 I13 I20-I51),Heart disease,Vermont,1187,151.7
5566,2010,Diseases of heart (I00-I09 I11 I13 I20-I51),Heart disease,Vermont,1172,153.6
5567,2009,Diseases of heart (I00-I09 I11 I13 I20-I51),Heart disease,Vermont,1171,156.1
5568,2008,Diseases of heart (I00-I09 I11 I13 I20-I51),Heart disease,Vermont,1216,166.2
5569,2007,Diseases of heart (I00-I09 I11 I13 I20-I51),Heart disease,Vermont,1166,162.4
5570,2006,Diseases of heart (I00-I09 I11 I13 I20-I51),Heart disease,Vermont,1244,177.2
5571,2005,Diseases of heart (I00-I09 I11 I13 I20-I51),Heart disease,Vermont,1234,180.5
5572,2004,Diseases of heart (I00-I09 I11 I13 I20-I51),Heart disease,Vermont,1289,192.3
5573,2003,Diseases of heart (I00-I09 I11 I13 I20-I51),Heart disease,Vermont,1349,204.1
5574,2002,Diseases of heart (I00-I09 I11 I13 I20-I51),Heart disease,Vermont,1370,212
5575,2001,Diseases of heart (I00-I09 I11 I13 I20-I51),Heart disease,Vermont,1429,224.1
5576,2000,Diseases of heart (I00-I09 I11 I13 I20-I51),Heart disease,Vermont,1438,229.4
5577,1999,Diseases of heart (I00-I09 I11 I13 I20-I51),Heart disease,Vermont,1342,217.4
5578,2016,Diseases of heart (I00-I09 I11 I13 I20-I51),Heart disease,Virginia,14124,150.7
5579,2015,Diseases of heart (I00-I09 I11 I13 I20-I51),Heart disease,Virginia,14077,154.2
5580,2014,Diseases of heart (I00-I09 I11 I13 I20-I51),Heart disease,Virginia,13874,156.1
5581,2013,Diseases of heart (I00-I09 I11 I13 I20-I51),Heart disease,Virginia,13663,157.3
5582,2012,Diseases of heart (I00-I09 I11 I13 I20-I51),Heart disease,Virginia,13386,158.6
5583,2011,Diseases of heart (I00-I09 I11 I13 I20-I51),Heart disease,Virginia,13272,162.2
5584,2010,Diseases of heart (I00-I09 I11 I13 I20-I51),Heart disease,Virginia,13404,168.5
5585,2009,Diseases of heart (I00-I09 I11 I13 I20-I51),Heart disease,Virginia,13397,172
5586,2008,Diseases of heart (I00-I09 I11 I13 I20-I51),Heart disease,Virginia,13675,180.6
5587,2007,Diseases of heart (I00-I09 I11 I13 I20-I51),Heart disease,Virginia,13750,186.7
5588,2006,Diseases of heart (I00-I09 I11 I13 I20-I51),Heart disease,Virginia,14021,195.2
5589,2005,Diseases of heart (I00-I09 I11 I13 I20-I51),Heart disease,Virginia,14192,203
5590,2004,Diseases of heart (I00-I09 I11 I13 I20-I51),Heart disease,Virginia,14284,210.4
5591,2003,Diseases of heart (I00-I09 I11 I13 I20-I51),Heart disease,Virginia,14756,222.1
5592,2002,Diseases of heart (I00-I09 I11 I13 I20-I51),Heart disease,Virginia,14952,230
5593,2001,Diseases of heart (I00-I09 I11 I13 I20-I51),Heart disease,Virginia,14913,234.5
5594,2000,Diseases of heart (I00-I09 I11 I13 I20-I51),Heart disease,Virginia,15264,245.5
5595,1999,Diseases of heart (I00-I09 I11 I13 I20-I51),Heart disease,Virginia,15329,250.9
5596,2016,Diseases of heart (I00-I09 I11 I13 I20-I51),Heart disease,Washington,11161,136.1
5597,2015,Diseases of heart (I00-I09 I11 I13 I20-I51),Heart disease,Washington,11025,137.6
5598,2014,Diseases of heart (I00-I09 I11 I13 I20-I51),Heart disease,Washington,10710,137.2
5599,2013,Diseases of heart (I00-I09 I11 I13 I20-I51),Heart disease,Washington,10524,138.2
5600,2012,Diseases of heart (I00-I09 I11 I13 I20-I51),Heart disease,Washington,10360,139.3
5601,2011,Diseases of heart (I00-I09 I11 I13 I20-I51),Heart disease,Washington,10439,143.8
5602,2010,Diseases of heart (I00-I09 I11 I13 I20-I51),Heart disease,Washington,10602,151.5
5603,2009,Diseases of heart (I00-I09 I11 I13 I20-I51),Heart disease,Washington,10561,153.9
5604,2008,Diseases of heart (I00-I09 I11 I13 I20-I51),Heart disease,Washington,10916,164
5605,2007,Diseases of heart (I00-I09 I11 I13 I20-I51),Heart disease,Washington,11037,170.1
5606,2006,Diseases of heart (I00-I09 I11 I13 I20-I51),Heart disease,Washington,10604,168.4
5607,2005,Diseases of heart (I00-I09 I11 I13 I20-I51),Heart disease,Washington,10985,180.5
5608,2004,Diseases of heart (I00-I09 I11 I13 I20-I51),Heart disease,Washington,10644,179.3
5609,2003,Diseases of heart (I00-I09 I11 I13 I20-I51),Heart disease,Washington,11185,192.8
5610,2002,Diseases of heart (I00-I09 I11 I13 I20-I51),Heart disease,Washington,11141,196.4
5611,2001,Diseases of heart (I00-I09 I11 I13 I20-I51),Heart disease,Washington,11281,203.3
5612,2000,Diseases of heart (I00-I09 I11 I13 I20-I51),Heart disease,Washington,11370,209.7
5613,1999,Diseases of heart (I00-I09 I11 I13 I20-I51),Heart disease,Washington,11515,215.7
5614,2016,Diseases of heart (I00-I09 I11 I13 I20-I51),Heart disease,West Virginia,4767,191
5615,2015,Diseases of heart (I00-I09 I11 I13 I20-I51),Heart disease,West Virginia,4727,191.3
5616,2014,Diseases of heart (I00-I09 I11 I13 I20-I51),Heart disease,West Virginia,4692,192.9
5617,2013,Diseases of heart (I00-I09 I11 I13 I20-I51),Heart disease,West Virginia,4666,193.7
5618,2012,Diseases of heart (I00-I09 I11 I13 I20-I51),Heart disease,West Virginia,4942,208.1
5619,2011,Diseases of heart (I00-I09 I11 I13 I20-I51),Heart disease,West Virginia,4914,210.1
5620,2010,Diseases of heart (I00-I09 I11 I13 I20-I51),Heart disease,West Virginia,4897,211.2
5621,2009,Diseases of heart (I00-I09 I11 I13 I20-I51),Heart disease,West Virginia,5038,219.6
5622,2008,Diseases of heart (I00-I09 I11 I13 I20-I51),Heart disease,West Virginia,5264,232.5
5623,2007,Diseases of heart (I00-I09 I11 I13 I20-I51),Heart disease,West Virginia,5208,232.5
5624,2006,Diseases of heart (I00-I09 I11 I13 I20-I51),Heart disease,West Virginia,5311,240.5
5625,2005,Diseases of heart (I00-I09 I11 I13 I20-I51),Heart disease,West Virginia,5538,253.6
5626,2004,Diseases of heart (I00-I09 I11 I13 I20-I51),Heart disease,West Virginia,5674,263.6
5627,2003,Diseases of heart (I00-I09 I11 I13 I20-I51),Heart disease,West Virginia,6186,288.1
5628,2002,Diseases of heart (I00-I09 I11 I13 I20-I51),Heart disease,West Virginia,6189,291.2
5629,2001,Diseases of heart (I00-I09 I11 I13 I20-I51),Heart disease,West Virginia,6325,298.8
5630,2000,Diseases of heart (I00-I09 I11 I13 I20-I51),Heart disease,West Virginia,6435,305
5631,1999,Diseases of heart (I00-I09 I11 I13 I20-I51),Heart disease,West Virginia,6822,325.5
5632,2016,Diseases of heart (I00-I09 I11 I13 I20-I51),Heart disease,Wisconsin,11526,154.9
5633,2015,Diseases of heart (I00-I09 I11 I13 I20-I51),Heart disease,Wisconsin,11473,156
5634,2014,Diseases of heart (I00-I09 I11 I13 I20-I51),Heart disease,Wisconsin,11229,155.1
5635,2013,Diseases of heart (I00-I09 I11 I13 I20-I51),Heart disease,Wisconsin,11362,159.3
5636,2012,Diseases of heart (I00-I09 I11 I13 I20-I51),Heart disease,Wisconsin,11282,160.7
5637,2011,Diseases of heart (I00-I09 I11 I13 I20-I51),Heart disease,Wisconsin,11266,163.8
5638,2010,Diseases of heart (I00-I09 I11 I13 I20-I51),Heart disease,Wisconsin,11115,165.1
5639,2009,Diseases of heart (I00-I09 I11 I13 I20-I51),Heart disease,Wisconsin,10834,163.1
5640,2008,Diseases of heart (I00-I09 I11 I13 I20-I51),Heart disease,Wisconsin,11275,172.2
5641,2007,Diseases of heart (I00-I09 I11 I13 I20-I51),Heart disease,Wisconsin,11110,172.7
5642,2006,Diseases of heart (I00-I09 I11 I13 I20-I51),Heart disease,Wisconsin,11451,181.1
5643,2005,Diseases of heart (I00-I09 I11 I13 I20-I51),Heart disease,Wisconsin,11842,190.6
5644,2004,Diseases of heart (I00-I09 I11 I13 I20-I51),Heart disease,Wisconsin,11909,195.4
5645,2003,Diseases of heart (I00-I09 I11 I13 I20-I51),Heart disease,Wisconsin,12479,207.9
5646,2002,Diseases of heart (I00-I09 I11 I13 I20-I51),Heart disease,Wisconsin,12923,218.8
5647,2001,Diseases of heart (I00-I09 I11 I13 I20-I51),Heart disease,Wisconsin,13023,224.3
5648,2000,Diseases of heart (I00-I09 I11 I13 I20-I51),Heart disease,Wisconsin,13601,237.3
5649,1999,Diseases of heart (I00-I09 I11 I13 I20-I51),Heart disease,Wisconsin,13827,243.7
5650,2016,Diseases of heart (I00-I09 I11 I13 I20-I51),Heart disease,Wyoming,1051,157.8
5651,2015,Diseases of heart (I00-I09 I11 I13 I20-I51),Heart disease,Wyoming,1030,159.4
5652,2014,Diseases of heart (I00-I09 I11 I13 I20-I51),Heart disease,Wyoming,1035,162.2
5653,2013,Diseases of heart (I00-I09 I11 I13 I20-I51),Heart disease,Wyoming,939,152.4
5654,2012,Diseases of heart (I00-I09 I11 I13 I20-I51),Heart disease,Wyoming,1005,167.2
5655,2011,Diseases of heart (I00-I09 I11 I13 I20-I51),Heart disease,Wyoming,926,158.9
5656,2010,Diseases of heart (I00-I09 I11 I13 I20-I51),Heart disease,Wyoming,962,169.8
5657,2009,Diseases of heart (I00-I09 I11 I13 I20-I51),Heart disease,Wyoming,964,172.1
5658,2008,Diseases of heart (I00-I09 I11 I13 I20-I51),Heart disease,Wyoming,937,171.9
5659,2007,Diseases of heart (I00-I09 I11 I13 I20-I51),Heart disease,Wyoming,957,180.4
5660,2006,Diseases of heart (I00-I09 I11 I13 I20-I51),Heart disease,Wyoming,994,192.9
5661,2005,Diseases of heart (I00-I09 I11 I13 I20-I51),Heart disease,Wyoming,952,188.3
5662,2004,Diseases of heart (I00-I09 I11 I13 I20-I51),Heart disease,Wyoming,950,192.5
5663,2003,Diseases of heart (I00-I09 I11 I13 I20-I51),Heart disease,Wyoming,975,202.1
5664,2002,Diseases of heart (I00-I09 I11 I13 I20-I51),Heart disease,Wyoming,1005,214.5
5665,2001,Diseases of heart (I00-I09 I11 I13 I20-I51),Heart disease,Wyoming,985,211.9
5666,2000,Diseases of heart (I00-I09 I11 I13 I20-I51),Heart disease,Wyoming,992,217.4
5667,1999,Diseases of heart (I00-I09 I11 I13 I20-I51),Heart disease,Wyoming,1009,227.8
5668,2016,Influenza and pneumonia (J09-J18),Influenza and pneumonia,Alabama,987,17.1
5669,2015,Influenza and pneumonia (J09-J18),Influenza and pneumonia,Alabama,1097,19.5
5670,2014,Influenza and pneumonia (J09-J18),Influenza and pneumonia,Alabama,1031,18.8
5671,2013,Influenza and pneumonia (J09-J18),Influenza and pneumonia,Alabama,1035,19.2
5672,2012,Influenza and pneumonia (J09-J18),Influenza and pneumonia,Alabama,942,17.9
5673,2011,Influenza and pneumonia (J09-J18),Influenza and pneumonia,Alabama,951,18.6
5674,2010,Influenza and pneumonia (J09-J18),Influenza and pneumonia,Alabama,942,18.7
5675,2009,Influenza and pneumonia (J09-J18),Influenza and pneumonia,Alabama,952,19.2
5676,2008,Influenza and pneumonia (J09-J18),Influenza and pneumonia,Alabama,912,18.7
5677,2007,Influenza and pneumonia (J09-J18),Influenza and pneumonia,Alabama,898,18.8
5678,2006,Influenza and pneumonia (J09-J18),Influenza and pneumonia,Alabama,918,19.5
5679,2005,Influenza and pneumonia (J09-J18),Influenza and pneumonia,Alabama,1011,22
5680,2004,Influenza and pneumonia (J09-J18),Influenza and pneumonia,Alabama,994,22.1
5681,2003,Influenza and pneumonia (J09-J18),Influenza and pneumonia,Alabama,1157,25.9
5682,2002,Influenza and pneumonia (J09-J18),Influenza and pneumonia,Alabama,1218,27.4
5683,2001,Influenza and pneumonia (J09-J18),Influenza and pneumonia,Alabama,1105,24.9
5684,2000,Influenza and pneumonia (J09-J18),Influenza and pneumonia,Alabama,1138,25.7
5685,1999,Influenza and pneumonia (J09-J18),Influenza and pneumonia,Alabama,1228,28.2
5686,2016,Influenza and pneumonia (J09-J18),Influenza and pneumonia,Alaska,61,12.5
5687,2015,Influenza and pneumonia (J09-J18),Influenza and pneumonia,Alaska,41,8.4
5688,2014,Influenza and pneumonia (J09-J18),Influenza and pneumonia,Alaska,68,14.1
5689,2013,Influenza and pneumonia (J09-J18),Influenza and pneumonia,Alaska,66,14.1
5690,2012,Influenza and pneumonia (J09-J18),Influenza and pneumonia,Alaska,52,10
5691,2011,Influenza and pneumonia (J09-J18),Influenza and pneumonia,Alaska,58,12.6
5692,2010,Influenza and pneumonia (J09-J18),Influenza and pneumonia,Alaska,64,15.8
5693,2009,Influenza and pneumonia (J09-J18),Influenza and pneumonia,Alaska,51,12.5
5694,2008,Influenza and pneumonia (J09-J18),Influenza and pneumonia,Alaska,51,13.2
5695,2007,Influenza and pneumonia (J09-J18),Influenza and pneumonia,Alaska,48,13.7
5696,2006,Influenza and pneumonia (J09-J18),Influenza and pneumonia,Alaska,49,14
5697,2005,Influenza and pneumonia (J09-J18),Influenza and pneumonia,Alaska,44,12.7
5698,2004,Influenza and pneumonia (J09-J18),Influenza and pneumonia,Alaska,42,15.1
5699,2003,Influenza and pneumonia (J09-J18),Influenza and pneumonia,Alaska,60,21.2
5700,2002,Influenza and pneumonia (J09-J18),Influenza and pneumonia,Alaska,51,19.5
5701,2001,Influenza and pneumonia (J09-J18),Influenza and pneumonia,Alaska,36,13.1
5702,2000,Influenza and pneumonia (J09-J18),Influenza and pneumonia,Alaska,45,16
5703,1999,Influenza and pneumonia (J09-J18),Influenza and pneumonia,Alaska,46,19.6
5704,2016,Influenza and pneumonia (J09-J18),Influenza and pneumonia,Arizona,885,10.4
5705,2015,Influenza and pneumonia (J09-J18),Influenza and pneumonia,Arizona,775,9.5
5706,2014,Influenza and pneumonia (J09-J18),Influenza and pneumonia,Arizona,779,10
5707,2013,Influenza and pneumonia (J09-J18),Influenza and pneumonia,Arizona,776,10.4
5708,2012,Influenza and pneumonia (J09-J18),Influenza and pneumonia,Arizona,683,9.5
5709,2011,Influenza and pneumonia (J09-J18),Influenza and pneumonia,Arizona,690,10
5710,2010,Influenza and pneumonia (J09-J18),Influenza and pneumonia,Arizona,768,11.4
5711,2009,Influenza and pneumonia (J09-J18),Influenza and pneumonia,Arizona,1058,16.2
5712,2008,Influenza and pneumonia (J09-J18),Influenza and pneumonia,Arizona,1068,16.8
5713,2007,Influenza and pneumonia (J09-J18),Influenza and pneumonia,Arizona,905,14.8
5714,2006,Influenza and pneumonia (J09-J18),Influenza and pneumonia,Arizona,1166,19.6
5715,2005,Influenza and pneumonia (J09-J18),Influenza and pneumonia,Arizona,1297,22.6
5716,2004,Influenza and pneumonia (J09-J18),Influenza and pneumonia,Arizona,1111,20.3
5717,2003,Influenza and pneumonia (J09-J18),Influenza and pneumonia,Arizona,1286,24.2
5718,2002,Influenza and pneumonia (J09-J18),Influenza and pneumonia,Arizona,1319,25.6
5719,2001,Influenza and pneumonia (J09-J18),Influenza and pneumonia,Arizona,1133,22.6
5720,2000,Influenza and pneumonia (J09-J18),Influenza and pneumonia,Arizona,1222,25.2
5721,1999,Influenza and pneumonia (J09-J18),Influenza and pneumonia,Arizona,1287,27.2
5722,2016,Influenza and pneumonia (J09-J18),Influenza and pneumonia,Arkansas,623,17.1
5723,2015,Influenza and pneumonia (J09-J18),Influenza and pneumonia,Arkansas,700,20
5724,2014,Influenza and pneumonia (J09-J18),Influenza and pneumonia,Arkansas,710,20.7
5725,2013,Influenza and pneumonia (J09-J18),Influenza and pneumonia,Arkansas,794,23.3
5726,2012,Influenza and pneumonia (J09-J18),Influenza and pneumonia,Arkansas,734,21.9
5727,2011,Influenza and pneumonia (J09-J18),Influenza and pneumonia,Arkansas,727,21.8
5728,2010,Influenza and pneumonia (J09-J18),Influenza and pneumonia,Arkansas,647,19.9
5729,2009,Influenza and pneumonia (J09-J18),Influenza and pneumonia,Arkansas,705,22.1
5730,2008,Influenza and pneumonia (J09-J18),Influenza and pneumonia,Arkansas,846,26.8
5731,2007,Influenza and pneumonia (J09-J18),Influenza and pneumonia,Arkansas,734,23.5
5732,2006,Influenza and pneumonia (J09-J18),Influenza and pneumonia,Arkansas,772,25.1
5733,2005,Influenza and pneumonia (J09-J18),Influenza and pneumonia,Arkansas,886,29.4
5734,2004,Influenza and pneumonia (J09-J18),Influenza and pneumonia,Arkansas,759,25.5
5735,2003,Influenza and pneumonia (J09-J18),Influenza and pneumonia,Arkansas,921,31.1
5736,2002,Influenza and pneumonia (J09-J18),Influenza and pneumonia,Arkansas,776,26.4
5737,2001,Influenza and pneumonia (J09-J18),Influenza and pneumonia,Arkansas,735,25.1
5738,2000,Influenza and pneumonia (J09-J18),Influenza and pneumonia,Arkansas,798,27.2
5739,1999,Influenza and pneumonia (J09-J18),Influenza and pneumonia,Arkansas,741,25.5
5740,2016,Influenza and pneumonia (J09-J18),Influenza and pneumonia,California,5981,14
5741,2015,Influenza and pneumonia (J09-J18),Influenza and pneumonia,California,6188,14.8
5742,2014,Influenza and pneumonia (J09-J18),Influenza and pneumonia,California,5970,14.7
5743,2013,Influenza and pneumonia (J09-J18),Influenza and pneumonia,California,6551,16.6
5744,2012,Influenza and pneumonia (J09-J18),Influenza and pneumonia,California,5849,15.2
5745,2011,Influenza and pneumonia (J09-J18),Influenza and pneumonia,California,6200,16.6
5746,2010,Influenza and pneumonia (J09-J18),Influenza and pneumonia,California,5882,16.4
5747,2009,Influenza and pneumonia (J09-J18),Influenza and pneumonia,California,6394,18.1
5748,2008,Influenza and pneumonia (J09-J18),Influenza and pneumonia,California,6560,19.2
5749,2007,Influenza and pneumonia (J09-J18),Influenza and pneumonia,California,6546,19.7
5750,2006,Influenza and pneumonia (J09-J18),Influenza and pneumonia,California,7338,22.7
5751,2005,Influenza and pneumonia (J09-J18),Influenza and pneumonia,California,7553,23.8
5752,2004,Influenza and pneumonia (J09-J18),Influenza and pneumonia,California,7323,23.8
5753,2003,Influenza and pneumonia (J09-J18),Influenza and pneumonia,California,8185,27
5754,2002,Influenza and pneumonia (J09-J18),Influenza and pneumonia,California,8128,27.5
5755,2001,Influenza and pneumonia (J09-J18),Influenza and pneumonia,California,8129,28.1
5756,2000,Influenza and pneumonia (J09-J18),Influenza and pneumonia,California,8324,29.5
5757,1999,Influenza and pneumonia (J09-J18),Influenza and pneumonia,California,4560,16.5
5758,2016,Influenza and pneumonia (J09-J18),Influenza and pneumonia,Colorado,533,9.6
5759,2015,Influenza and pneumonia (J09-J18),Influenza and pneumonia,Colorado,659,12.3
5760,2014,Influenza and pneumonia (J09-J18),Influenza and pneumonia,Colorado,701,13.3
5761,2013,Influenza and pneumonia (J09-J18),Influenza and pneumonia,Colorado,606,12
5762,2012,Influenza and pneumonia (J09-J18),Influenza and pneumonia,Colorado,525,11
5763,2011,Influenza and pneumonia (J09-J18),Influenza and pneumonia,Colorado,618,13.1
5764,2010,Influenza and pneumonia (J09-J18),Influenza and pneumonia,Colorado,550,12.3
5765,2009,Influenza and pneumonia (J09-J18),Influenza and pneumonia,Colorado,658,14.8
5766,2008,Influenza and pneumonia (J09-J18),Influenza and pneumonia,Colorado,678,15.9
5767,2007,Influenza and pneumonia (J09-J18),Influenza and pneumonia,Colorado,592,14.5
5768,2006,Influenza and pneumonia (J09-J18),Influenza and pneumonia,Colorado,614,15.6
5769,2005,Influenza and pneumonia (J09-J18),Influenza and pneumonia,Colorado,666,17.6
5770,2004,Influenza and pneumonia (J09-J18),Influenza and pneumonia,Colorado,637,17.5
5771,2003,Influenza and pneumonia (J09-J18),Influenza and pneumonia,Colorado,810,23
5772,2002,Influenza and pneumonia (J09-J18),Influenza and pneumonia,Colorado,752,21.9
5773,2001,Influenza and pneumonia (J09-J18),Influenza and pneumonia,Colorado,650,19.3
5774,2000,Influenza and pneumonia (J09-J18),Influenza and pneumonia,Colorado,607,18.6
5775,1999,Influenza and pneumonia (J09-J18),Influenza and pneumonia,Colorado,807,25.3
5776,2016,Influenza and pneumonia (J09-J18),Influenza and pneumonia,Connecticut,572,11.7
5777,2015,Influenza and pneumonia (J09-J18),Influenza and pneumonia,Connecticut,667,13.6
5778,2014,Influenza and pneumonia (J09-J18),Influenza and pneumonia,Connecticut,644,13.3
5779,2013,Influenza and pneumonia (J09-J18),Influenza and pneumonia,Connecticut,604,12.2
5780,2012,Influenza and pneumonia (J09-J18),Influenza and pneumonia,Connecticut,558,11.8
5781,2011,Influenza and pneumonia (J09-J18),Influenza and pneumonia,Connecticut,696,14.6
5782,2010,Influenza and pneumonia (J09-J18),Influenza and pneumonia,Connecticut,568,12.1
5783,2009,Influenza and pneumonia (J09-J18),Influenza and pneumonia,Connecticut,696,15.4
5784,2008,Influenza and pneumonia (J09-J18),Influenza and pneumonia,Connecticut,694,15.1
5785,2007,Influenza and pneumonia (J09-J18),Influenza and pneumonia,Connecticut,776,17.2
5786,2006,Influenza and pneumonia (J09-J18),Influenza and pneumonia,Connecticut,800,18.2
5787,2005,Influenza and pneumonia (J09-J18),Influenza and pneumonia,Connecticut,956,21.9
5788,2004,Influenza and pneumonia (J09-J18),Influenza and pneumonia,Connecticut,868,20.3
5789,2003,Influenza and pneumonia (J09-J18),Influenza and pneumonia,Connecticut,860,20.5
5790,2002,Influenza and pneumonia (J09-J18),Influenza and pneumonia,Connecticut,888,21.5
5791,2001,Influenza and pneumonia (J09-J18),Influenza and pneumonia,Connecticut,854,21.1
5792,2000,Influenza and pneumonia (J09-J18),Influenza and pneumonia,Connecticut,890,22.5
5793,1999,Influenza and pneumonia (J09-J18),Influenza and pneumonia,Connecticut,885,22.7
5794,2016,Influenza and pneumonia (J09-J18),Influenza and pneumonia,Delaware,132,10.7
5795,2015,Influenza and pneumonia (J09-J18),Influenza and pneumonia,Delaware,189,16.1
5796,2014,Influenza and pneumonia (J09-J18),Influenza and pneumonia,Delaware,156,13.8
5797,2013,Influenza and pneumonia (J09-J18),Influenza and pneumonia,Delaware,150,13.6
5798,2012,Influenza and pneumonia (J09-J18),Influenza and pneumonia,Delaware,121,11.3
5799,2011,Influenza and pneumonia (J09-J18),Influenza and pneumonia,Delaware,133,13
5800,2010,Influenza and pneumonia (J09-J18),Influenza and pneumonia,Delaware,138,13.8
5801,2009,Influenza and pneumonia (J09-J18),Influenza and pneumonia,Delaware,132,13.5
5802,2008,Influenza and pneumonia (J09-J18),Influenza and pneumonia,Delaware,135,14.4
5803,2007,Influenza and pneumonia (J09-J18),Influenza and pneumonia,Delaware,117,12.7
5804,2006,Influenza and pneumonia (J09-J18),Influenza and pneumonia,Delaware,138,15.6
5805,2005,Influenza and pneumonia (J09-J18),Influenza and pneumonia,Delaware,162,18.8
5806,2004,Influenza and pneumonia (J09-J18),Influenza and pneumonia,Delaware,145,17.4
5807,2003,Influenza and pneumonia (J09-J18),Influenza and pneumonia,Delaware,127,15.8
5808,2002,Influenza and pneumonia (J09-J18),Influenza and pneumonia,Delaware,168,21.4
5809,2001,Influenza and pneumonia (J09-J18),Influenza and pneumonia,Delaware,181,23.8
5810,2000,Influenza and pneumonia (J09-J18),Influenza and pneumonia,Delaware,229,31
5811,1999,Influenza and pneumonia (J09-J18),Influenza and pneumonia,Delaware,155,21.3
5812,2016,Influenza and pneumonia (J09-J18),Influenza and pneumonia,District of Columbia,78,11.5
5813,2015,Influenza and pneumonia (J09-J18),Influenza and pneumonia,District of Columbia,104,16.2
5814,2014,Influenza and pneumonia (J09-J18),Influenza and pneumonia,District of Columbia,74,11.5
5815,2013,Influenza and pneumonia (J09-J18),Influenza and pneumonia,District of Columbia,83,13.2
5816,2012,Influenza and pneumonia (J09-J18),Influenza and pneumonia,District of Columbia,76,12.1
5817,2011,Influenza and pneumonia (J09-J18),Influenza and pneumonia,District of Columbia,96,15.6
5818,2010,Influenza and pneumonia (J09-J18),Influenza and pneumonia,District of Columbia,80,13.5
5819,2009,Influenza and pneumonia (J09-J18),Influenza and pneumonia,District of Columbia,73,12.4
5820,2008,Influenza and pneumonia (J09-J18),Influenza and pneumonia,District of Columbia,78,13.9
5821,2007,Influenza and pneumonia (J09-J18),Influenza and pneumonia,District of Columbia,82,14.3
5822,2006,Influenza and pneumonia (J09-J18),Influenza and pneumonia,District of Columbia,76,13.7
5823,2005,Influenza and pneumonia (J09-J18),Influenza and pneumonia,District of Columbia,98,17.2
5824,2004,Influenza and pneumonia (J09-J18),Influenza and pneumonia,District of Columbia,91,16.5
5825,2003,Influenza and pneumonia (J09-J18),Influenza and pneumonia,District of Columbia,87,15.6
5826,2002,Influenza and pneumonia (J09-J18),Influenza and pneumonia,District of Columbia,81,14.5
5827,2001,Influenza and pneumonia (J09-J18),Influenza and pneumonia,District of Columbia,86,15.3
5828,2000,Influenza and pneumonia (J09-J18),Influenza and pneumonia,District of Columbia,111,19.6
5829,1999,Influenza and pneumonia (J09-J18),Influenza and pneumonia,District of Columbia,116,20.6
5830,2016,Influenza and pneumonia (J09-J18),Influenza and pneumonia,Florida,2808,9.3
5831,2015,Influenza and pneumonia (J09-J18),Influenza and pneumonia,Florida,2676,8.9
5832,2014,Influenza and pneumonia (J09-J18),Influenza and pneumonia,Florida,2719,9.6
5833,2013,Influenza and pneumonia (J09-J18),Influenza and pneumonia,Florida,2662,9.5
5834,2012,Influenza and pneumonia (J09-J18),Influenza and pneumonia,Florida,2338,8.5
5835,2011,Influenza and pneumonia (J09-J18),Influenza and pneumonia,Florida,2453,9.3
5836,2010,Influenza and pneumonia (J09-J18),Influenza and pneumonia,Florida,2259,8.9
5837,2009,Influenza and pneumonia (J09-J18),Influenza and pneumonia,Florida,2410,9.9
5838,2008,Influenza and pneumonia (J09-J18),Influenza and pneumonia,Florida,2300,9.4
5839,2007,Influenza and pneumonia (J09-J18),Influenza and pneumonia,Florida,2246,9.4
5840,2006,Influenza and pneumonia (J09-J18),Influenza and pneumonia,Florida,2454,10.5
5841,2005,Influenza and pneumonia (J09-J18),Influenza and pneumonia,Florida,2802,12.2
5842,2004,Influenza and pneumonia (J09-J18),Influenza and pneumonia,Florida,3044,13.5
5843,2003,Influenza and pneumonia (J09-J18),Influenza and pneumonia,Florida,2996,13.6
5844,2002,Influenza and pneumonia (J09-J18),Influenza and pneumonia,Florida,3290,15.1
5845,2001,Influenza and pneumonia (J09-J18),Influenza and pneumonia,Florida,3317,15.5
5846,2000,Influenza and pneumonia (J09-J18),Influenza and pneumonia,Florida,3365,16
5847,1999,Influenza and pneumonia (J09-J18),Influenza and pneumonia,Florida,3328,16.1
5848,2016,Influenza and pneumonia (J09-J18),Influenza and pneumonia,Georgia,1423,14.3
5849,2015,Influenza and pneumonia (J09-J18),Influenza and pneumonia,Georgia,1467,15.5
5850,2014,Influenza and pneumonia (J09-J18),Influenza and pneumonia,Georgia,1510,16.2
5851,2013,Influenza and pneumonia (J09-J18),Influenza and pneumonia,Georgia,1494,16.8
5852,2012,Influenza and pneumonia (J09-J18),Influenza and pneumonia,Georgia,1390,16.4
5853,2011,Influenza and pneumonia (J09-J18),Influenza and pneumonia,Georgia,1457,17.5
5854,2010,Influenza and pneumonia (J09-J18),Influenza and pneumonia,Georgia,1456,18.3
5855,2009,Influenza and pneumonia (J09-J18),Influenza and pneumonia,Georgia,1500,19.2
5856,2008,Influenza and pneumonia (J09-J18),Influenza and pneumonia,Georgia,1498,19.8
5857,2007,Influenza and pneumonia (J09-J18),Influenza and pneumonia,Georgia,1407,19.4
5858,2006,Influenza and pneumonia (J09-J18),Influenza and pneumonia,Georgia,1463,20.8
5859,2005,Influenza and pneumonia (J09-J18),Influenza and pneumonia,Georgia,1596,23.5
5860,2004,Influenza and pneumonia (J09-J18),Influenza and pneumonia,Georgia,1547,23.8
5861,2003,Influenza and pneumonia (J09-J18),Influenza and pneumonia,Georgia,1687,26.3
5862,2002,Influenza and pneumonia (J09-J18),Influenza and pneumonia,Georgia,1791,28.5
5863,2001,Influenza and pneumonia (J09-J18),Influenza and pneumonia,Georgia,1515,24.4
5864,2000,Influenza and pneumonia (J09-J18),Influenza and pneumonia,Georgia,1792,29.4
5865,1999,Influenza and pneumonia (J09-J18),Influenza and pneumonia,Georgia,1703,28.3
5866,2016,Influenza and pneumonia (J09-J18),Influenza and pneumonia,Hawaii,507,24.4
5867,2015,Influenza and pneumonia (J09-J18),Influenza and pneumonia,Hawaii,557,27.4
5868,2014,Influenza and pneumonia (J09-J18),Influenza and pneumonia,Hawaii,438,22.6
5869,2013,Influenza and pneumonia (J09-J18),Influenza and pneumonia,Hawaii,457,24.1
5870,2012,Influenza and pneumonia (J09-J18),Influenza and pneumonia,Hawaii,394,20.8
5871,2011,Influenza and pneumonia (J09-J18),Influenza and pneumonia,Hawaii,325,18
5872,2010,Influenza and pneumonia (J09-J18),Influenza and pneumonia,Hawaii,289,17
5873,2009,Influenza and pneumonia (J09-J18),Influenza and pneumonia,Hawaii,291,17.8
5874,2008,Influenza and pneumonia (J09-J18),Influenza and pneumonia,Hawaii,270,17.1
5875,2007,Influenza and pneumonia (J09-J18),Influenza and pneumonia,Hawaii,199,12.7
5876,2006,Influenza and pneumonia (J09-J18),Influenza and pneumonia,Hawaii,257,17.2
5877,2005,Influenza and pneumonia (J09-J18),Influenza and pneumonia,Hawaii,241,16.5
5878,2004,Influenza and pneumonia (J09-J18),Influenza and pneumonia,Hawaii,236,16.9
5879,2003,Influenza and pneumonia (J09-J18),Influenza and pneumonia,Hawaii,237,17.6
5880,2002,Influenza and pneumonia (J09-J18),Influenza and pneumonia,Hawaii,246,18.9
5881,2001,Influenza and pneumonia (J09-J18),Influenza and pneumonia,Hawaii,207,16.4
5882,2000,Influenza and pneumonia (J09-J18),Influenza and pneumonia,Hawaii,221,18.2
5883,1999,Influenza and pneumonia (J09-J18),Influenza and pneumonia,Hawaii,229,19.6
5884,2016,Influenza and pneumonia (J09-J18),Influenza and pneumonia,Idaho,207,11.3
5885,2015,Influenza and pneumonia (J09-J18),Influenza and pneumonia,Idaho,218,12.4
5886,2014,Influenza and pneumonia (J09-J18),Influenza and pneumonia,Idaho,200,11.3
5887,2013,Influenza and pneumonia (J09-J18),Influenza and pneumonia,Idaho,259,15.1
5888,2012,Influenza and pneumonia (J09-J18),Influenza and pneumonia,Idaho,189,11.3
5889,2011,Influenza and pneumonia (J09-J18),Influenza and pneumonia,Idaho,217,13.5
5890,2010,Influenza and pneumonia (J09-J18),Influenza and pneumonia,Idaho,208,13.5
5891,2009,Influenza and pneumonia (J09-J18),Influenza and pneumonia,Idaho,207,13.6
5892,2008,Influenza and pneumonia (J09-J18),Influenza and pneumonia,Idaho,206,14
5893,2007,Influenza and pneumonia (J09-J18),Influenza and pneumonia,Idaho,228,15.7
5894,2006,Influenza and pneumonia (J09-J18),Influenza and pneumonia,Idaho,225,16.2
5895,2005,Influenza and pneumonia (J09-J18),Influenza and pneumonia,Idaho,289,21.5
5896,2004,Influenza and pneumonia (J09-J18),Influenza and pneumonia,Idaho,219,17
5897,2003,Influenza and pneumonia (J09-J18),Influenza and pneumonia,Idaho,334,26.4
5898,2002,Influenza and pneumonia (J09-J18),Influenza and pneumonia,Idaho,265,21.7
5899,2001,Influenza and pneumonia (J09-J18),Influenza and pneumonia,Idaho,239,19.9
5900,2000,Influenza and pneumonia (J09-J18),Influenza and pneumonia,Idaho,288,24.6
5901,1999,Influenza and pneumonia (J09-J18),Influenza and pneumonia,Idaho,289,25.3
5902,2016,Influenza and pneumonia (J09-J18),Influenza and pneumonia,Illinois,2178,14.5
5903,2015,Influenza and pneumonia (J09-J18),Influenza and pneumonia,Illinois,2343,15.7
5904,2014,Influenza and pneumonia (J09-J18),Influenza and pneumonia,Illinois,2485,16.8
5905,2013,Influenza and pneumonia (J09-J18),Influenza and pneumonia,Illinois,2441,16.8
5906,2012,Influenza and pneumonia (J09-J18),Influenza and pneumonia,Illinois,2323,16.3
5907,2011,Influenza and pneumonia (J09-J18),Influenza and pneumonia,Illinois,2424,17.3
5908,2010,Influenza and pneumonia (J09-J18),Influenza and pneumonia,Illinois,2212,16.1
5909,2009,Influenza and pneumonia (J09-J18),Influenza and pneumonia,Illinois,2416,17.8
5910,2008,Influenza and pneumonia (J09-J18),Influenza and pneumonia,Illinois,2672,19.9
5911,2007,Influenza and pneumonia (J09-J18),Influenza and pneumonia,Illinois,2550,19.3
5912,2006,Influenza and pneumonia (J09-J18),Influenza and pneumonia,Illinois,2668,20.6
5913,2005,Influenza and pneumonia (J09-J18),Influenza and pneumonia,Illinois,2949,23
5914,2004,Influenza and pneumonia (J09-J18),Influenza and pneumonia,Illinois,2779,21.9
5915,2003,Influenza and pneumonia (J09-J18),Influenza and pneumonia,Illinois,2875,22.9
5916,2002,Influenza and pneumonia (J09-J18),Influenza and pneumonia,Illinois,2940,23.7
5917,2001,Influenza and pneumonia (J09-J18),Influenza and pneumonia,Illinois,2659,21.6
5918,2000,Influenza and pneumonia (J09-J18),Influenza and pneumonia,Illinois,2917,24
5919,1999,Influenza and pneumonia (J09-J18),Influenza and pneumonia,Illinois,3121,25.9
5920,2016,Influenza and pneumonia (J09-J18),Influenza and pneumonia,Indiana,962,12.6
5921,2015,Influenza and pneumonia (J09-J18),Influenza and pneumonia,Indiana,1044,13.9
5922,2014,Influenza and pneumonia (J09-J18),Influenza and pneumonia,Indiana,1063,14.3
5923,2013,Influenza and pneumonia (J09-J18),Influenza and pneumonia,Indiana,1132,15.3
5924,2012,Influenza and pneumonia (J09-J18),Influenza and pneumonia,Indiana,973,13.5
5925,2011,Influenza and pneumonia (J09-J18),Influenza and pneumonia,Indiana,1031,14.6
5926,2010,Influenza and pneumonia (J09-J18),Influenza and pneumonia,Indiana,1175,16.9
5927,2009,Influenza and pneumonia (J09-J18),Influenza and pneumonia,Indiana,1191,17.4
5928,2008,Influenza and pneumonia (J09-J18),Influenza and pneumonia,Indiana,1318,19.5
5929,2007,Influenza and pneumonia (J09-J18),Influenza and pneumonia,Indiana,1098,16.5
5930,2006,Influenza and pneumonia (J09-J18),Influenza and pneumonia,Indiana,1129,17.4
5931,2005,Influenza and pneumonia (J09-J18),Influenza and pneumonia,Indiana,1317,20.7
5932,2004,Influenza and pneumonia (J09-J18),Influenza and pneumonia,Indiana,1136,18.2
5933,2003,Influenza and pneumonia (J09-J18),Influenza and pneumonia,Indiana,1365,22.1
5934,2002,Influenza and pneumonia (J09-J18),Influenza and pneumonia,Indiana,1360,22.3
5935,2001,Influenza and pneumonia (J09-J18),Influenza and pneumonia,Indiana,1184,19.7
5936,2000,Influenza and pneumonia (J09-J18),Influenza and pneumonia,Indiana,1270,21.4
5937,1999,Influenza and pneumonia (J09-J18),Influenza and pneumonia,Indiana,1362,23.2
5938,2016,Influenza and pneumonia (J09-J18),Influenza and pneumonia,Iowa,504,11.6
5939,2015,Influenza and pneumonia (J09-J18),Influenza and pneumonia,Iowa,618,14.2
5940,2014,Influenza and pneumonia (J09-J18),Influenza and pneumonia,Iowa,582,13.7
5941,2013,Influenza and pneumonia (J09-J18),Influenza and pneumonia,Iowa,761,17.8
5942,2012,Influenza and pneumonia (J09-J18),Influenza and pneumonia,Iowa,664,15.6
5943,2011,Influenza and pneumonia (J09-J18),Influenza and pneumonia,Iowa,660,15.7
5944,2010,Influenza and pneumonia (J09-J18),Influenza and pneumonia,Iowa,560,13.7
5945,2009,Influenza and pneumonia (J09-J18),Influenza and pneumonia,Iowa,661,16.6
5946,2008,Influenza and pneumonia (J09-J18),Influenza and pneumonia,Iowa,829,20.3
5947,2007,Influenza and pneumonia (J09-J18),Influenza and pneumonia,Iowa,749,18.5
5948,2006,Influenza and pneumonia (J09-J18),Influenza and pneumonia,Iowa,770,19.3
5949,2005,Influenza and pneumonia (J09-J18),Influenza and pneumonia,Iowa,896,22.4
5950,2004,Influenza and pneumonia (J09-J18),Influenza and pneumonia,Iowa,890,22.7
5951,2003,Influenza and pneumonia (J09-J18),Influenza and pneumonia,Iowa,1032,26.3
5952,2002,Influenza and pneumonia (J09-J18),Influenza and pneumonia,Iowa,942,24.4
5953,2001,Influenza and pneumonia (J09-J18),Influenza and pneumonia,Iowa,877,22.9
5954,2000,Influenza and pneumonia (J09-J18),Influenza and pneumonia,Iowa,937,24.8
5955,1999,Influenza and pneumonia (J09-J18),Influenza and pneumonia,Iowa,1082,28.4
5956,2016,Influenza and pneumonia (J09-J18),Influenza and pneumonia,Kansas,522,14.4
5957,2015,Influenza and pneumonia (J09-J18),Influenza and pneumonia,Kansas,682,18.9
5958,2014,Influenza and pneumonia (J09-J18),Influenza and pneumonia,Kansas,637,18.2
5959,2013,Influenza and pneumonia (J09-J18),Influenza and pneumonia,Kansas,715,20.2
5960,2012,Influenza and pneumonia (J09-J18),Influenza and pneumonia,Kansas,624,18
5961,2011,Influenza and pneumonia (J09-J18),Influenza and pneumonia,Kansas,647,18.8
5962,2010,Influenza and pneumonia (J09-J18),Influenza and pneumonia,Kansas,550,16.4
5963,2009,Influenza and pneumonia (J09-J18),Influenza and pneumonia,Kansas,594,18
5964,2008,Influenza and pneumonia (J09-J18),Influenza and pneumonia,Kansas,743,22.5
5965,2007,Influenza and pneumonia (J09-J18),Influenza and pneumonia,Kansas,665,20.3
5966,2006,Influenza and pneumonia (J09-J18),Influenza and pneumonia,Kansas,647,20
5967,2005,Influenza and pneumonia (J09-J18),Influenza and pneumonia,Kansas,730,23.1
5968,2004,Influenza and pneumonia (J09-J18),Influenza and pneumonia,Kansas,562,17.9
5969,2003,Influenza and pneumonia (J09-J18),Influenza and pneumonia,Kansas,694,22.3
5970,2002,Influenza and pneumonia (J09-J18),Influenza and pneumonia,Kansas,698,22.7
5971,2001,Influenza and pneumonia (J09-J18),Influenza and pneumonia,Kansas,561,18.4
5972,2000,Influenza and pneumonia (J09-J18),Influenza and pneumonia,Kansas,743,24.2
5973,1999,Influenza and pneumonia (J09-J18),Influenza and pneumonia,Kansas,676,22.2
5974,2016,Influenza and pneumonia (J09-J18),Influenza and pneumonia,Kentucky,888,17.3
5975,2015,Influenza and pneumonia (J09-J18),Influenza and pneumonia,Kentucky,967,19.3
5976,2014,Influenza and pneumonia (J09-J18),Influenza and pneumonia,Kentucky,1017,20.8
5977,2013,Influenza and pneumonia (J09-J18),Influenza and pneumonia,Kentucky,919,19.1
5978,2012,Influenza and pneumonia (J09-J18),Influenza and pneumonia,Kentucky,879,18.7
5979,2011,Influenza and pneumonia (J09-J18),Influenza and pneumonia,Kentucky,961,20.8
5980,2010,Influenza and pneumonia (J09-J18),Influenza and pneumonia,Kentucky,943,21
5981,2009,Influenza and pneumonia (J09-J18),Influenza and pneumonia,Kentucky,1018,22.9
5982,2008,Influenza and pneumonia (J09-J18),Influenza and pneumonia,Kentucky,943,21.6
5983,2007,Influenza and pneumonia (J09-J18),Influenza and pneumonia,Kentucky,897,21
5984,2006,Influenza and pneumonia (J09-J18),Influenza and pneumonia,Kentucky,927,22.1
5985,2005,Influenza and pneumonia (J09-J18),Influenza and pneumonia,Kentucky,1021,24.9
5986,2004,Influenza and pneumonia (J09-J18),Influenza and pneumonia,Kentucky,965,24.1
5987,2003,Influenza and pneumonia (J09-J18),Influenza and pneumonia,Kentucky,1033,26.1
5988,2002,Influenza and pneumonia (J09-J18),Influenza and pneumonia,Kentucky,1236,31.5
5989,2001,Influenza and pneumonia (J09-J18),Influenza and pneumonia,Kentucky,1114,28.6
5990,2000,Influenza and pneumonia (J09-J18),Influenza and pneumonia,Kentucky,1157,29.9
5991,1999,Influenza and pneumonia (J09-J18),Influenza and pneumonia,Kentucky,1198,31.3
5992,2016,Influenza and pneumonia (J09-J18),Influenza and pneumonia,Louisiana,720,14.3
5993,2015,Influenza and pneumonia (J09-J18),Influenza and pneumonia,Louisiana,753,15.3
5994,2014,Influenza and pneumonia (J09-J18),Influenza and pneumonia,Louisiana,854,17.5
5995,2013,Influenza and pneumonia (J09-J18),Influenza and pneumonia,Louisiana,892,18.6
5996,2012,Influenza and pneumonia (J09-J18),Influenza and pneumonia,Louisiana,808,17.5
5997,2011,Influenza and pneumonia (J09-J18),Influenza and pneumonia,Louisiana,851,18.9
5998,2010,Influenza and pneumonia (J09-J18),Influenza and pneumonia,Louisiana,878,20.2
5999,2009,Influenza and pneumonia (J09-J18),Influenza and pneumonia,Louisiana,891,20.7
6000,2008,Influenza and pneumonia (J09-J18),Influenza and pneumonia,Louisiana,894,21
6001,2007,Influenza and pneumonia (J09-J18),Influenza and pneumonia,Louisiana,870,21.1
6002,2006,Influenza and pneumonia (J09-J18),Influenza and pneumonia,Louisiana,833,20.6
6003,2005,Influenza and pneumonia (J09-J18),Influenza and pneumonia,Louisiana,996,24
6004,2004,Influenza and pneumonia (J09-J18),Influenza and pneumonia,Louisiana,913,22.2
6005,2003,Influenza and pneumonia (J09-J18),Influenza and pneumonia,Louisiana,915,22.7
6006,2002,Influenza and pneumonia (J09-J18),Influenza and pneumonia,Louisiana,956,24
6007,2001,Influenza and pneumonia (J09-J18),Influenza and pneumonia,Louisiana,941,23.7
6008,2000,Influenza and pneumonia (J09-J18),Influenza and pneumonia,Louisiana,972,24.7
6009,1999,Influenza and pneumonia (J09-J18),Influenza and pneumonia,Louisiana,1008,26
6010,2016,Influenza and pneumonia (J09-J18),Influenza and pneumonia,Maine,231,12
6011,2015,Influenza and pneumonia (J09-J18),Influenza and pneumonia,Maine,333,17.6
6012,2014,Influenza and pneumonia (J09-J18),Influenza and pneumonia,Maine,258,13.7
6013,2013,Influenza and pneumonia (J09-J18),Influenza and pneumonia,Maine,258,14
6014,2012,Influenza and pneumonia (J09-J18),Influenza and pneumonia,Maine,205,11.6
6015,2011,Influenza and pneumonia (J09-J18),Influenza and pneumonia,Maine,302,16.8
6016,2010,Influenza and pneumonia (J09-J18),Influenza and pneumonia,Maine,234,13.4
6017,2009,Influenza and pneumonia (J09-J18),Influenza and pneumonia,Maine,251,14.6
6018,2008,Influenza and pneumonia (J09-J18),Influenza and pneumonia,Maine,263,15.6
6019,2007,Influenza and pneumonia (J09-J18),Influenza and pneumonia,Maine,236,14.2
6020,2006,Influenza and pneumonia (J09-J18),Influenza and pneumonia,Maine,269,16.8
6021,2005,Influenza and pneumonia (J09-J18),Influenza and pneumonia,Maine,352,22.3
6022,2004,Influenza and pneumonia (J09-J18),Influenza and pneumonia,Maine,308,20
6023,2003,Influenza and pneumonia (J09-J18),Influenza and pneumonia,Maine,327,21.4
6024,2002,Influenza and pneumonia (J09-J18),Influenza and pneumonia,Maine,317,20.9
6025,2001,Influenza and pneumonia (J09-J18),Influenza and pneumonia,Maine,269,18
6026,2000,Influenza and pneumonia (J09-J18),Influenza and pneumonia,Maine,336,22.9
6027,1999,Influenza and pneumonia (J09-J18),Influenza and pneumonia,Maine,287,19.9
6028,2016,Influenza and pneumonia (J09-J18),Influenza and pneumonia,Maryland,1025,15.1
6029,2015,Influenza and pneumonia (J09-J18),Influenza and pneumonia,Maryland,1176,17.7
6030,2014,Influenza and pneumonia (J09-J18),Influenza and pneumonia,Maryland,1019,15.6
6031,2013,Influenza and pneumonia (J09-J18),Influenza and pneumonia,Maryland,1103,17.2
6032,2012,Influenza and pneumonia (J09-J18),Influenza and pneumonia,Maryland,986,15.8
6033,2011,Influenza and pneumonia (J09-J18),Influenza and pneumonia,Maryland,1036,17.1
6034,2010,Influenza and pneumonia (J09-J18),Influenza and pneumonia,Maryland,925,15.7
6035,2009,Influenza and pneumonia (J09-J18),Influenza and pneumonia,Maryland,976,16.9
6036,2008,Influenza and pneumonia (J09-J18),Influenza and pneumonia,Maryland,1008,17.9
6037,2007,Influenza and pneumonia (J09-J18),Influenza and pneumonia,Maryland,994,18
6038,2006,Influenza and pneumonia (J09-J18),Influenza and pneumonia,Maryland,1082,20.1
6039,2005,Influenza and pneumonia (J09-J18),Influenza and pneumonia,Maryland,1194,22.8
6040,2004,Influenza and pneumonia (J09-J18),Influenza and pneumonia,Maryland,1111,21.9
6041,2003,Influenza and pneumonia (J09-J18),Influenza and pneumonia,Maryland,1175,23.6
6042,2002,Influenza and pneumonia (J09-J18),Influenza and pneumonia,Maryland,1121,23.1
6043,2001,Influenza and pneumonia (J09-J18),Influenza and pneumonia,Maryland,928,19.5
6044,2000,Influenza and pneumonia (J09-J18),Influenza and pneumonia,Maryland,1116,24
6045,1999,Influenza and pneumonia (J09-J18),Influenza and pneumonia,Maryland,1140,25.2
6046,2016,Influenza and pneumonia (J09-J18),Influenza and pneumonia,Massachusetts,1251,14.1
6047,2015,Influenza and pneumonia (J09-J18),Influenza and pneumonia,Massachusetts,1512,17.1
6048,2014,Influenza and pneumonia (J09-J18),Influenza and pneumonia,Massachusetts,1370,15.8
6049,2013,Influenza and pneumonia (J09-J18),Influenza and pneumonia,Massachusetts,1551,18
6050,2012,Influenza and pneumonia (J09-J18),Influenza and pneumonia,Massachusetts,1356,16.1
6051,2011,Influenza and pneumonia (J09-J18),Influenza and pneumonia,Massachusetts,1418,16.9
6052,2010,Influenza and pneumonia (J09-J18),Influenza and pneumonia,Massachusetts,1291,16
6053,2009,Influenza and pneumonia (J09-J18),Influenza and pneumonia,Massachusetts,1348,17
6054,2008,Influenza and pneumonia (J09-J18),Influenza and pneumonia,Massachusetts,1598,20.1
6055,2007,Influenza and pneumonia (J09-J18),Influenza and pneumonia,Massachusetts,1538,19.7
6056,2006,Influenza and pneumonia (J09-J18),Influenza and pneumonia,Massachusetts,1750,22.8
6057,2005,Influenza and pneumonia (J09-J18),Influenza and pneumonia,Massachusetts,1935,25.5
6058,2004,Influenza and pneumonia (J09-J18),Influenza and pneumonia,Massachusetts,1959,26.1
6059,2003,Influenza and pneumonia (J09-J18),Influenza and pneumonia,Massachusetts,2019,27
6060,2002,Influenza and pneumonia (J09-J18),Influenza and pneumonia,Massachusetts,2087,28.6
6061,2001,Influenza and pneumonia (J09-J18),Influenza and pneumonia,Massachusetts,1770,24.4
6062,2000,Influenza and pneumonia (J09-J18),Influenza and pneumonia,Massachusetts,2078,28.9
6063,1999,Influenza and pneumonia (J09-J18),Influenza and pneumonia,Massachusetts,1904,26.8
6064,2016,Influenza and pneumonia (J09-J18),Influenza and pneumonia,Michigan,1672,13.7
6065,2015,Influenza and pneumonia (J09-J18),Influenza and pneumonia,Michigan,1894,15.2
6066,2014,Influenza and pneumonia (J09-J18),Influenza and pneumonia,Michigan,1875,15.5
6067,2013,Influenza and pneumonia (J09-J18),Influenza and pneumonia,Michigan,1896,15.8
6068,2012,Influenza and pneumonia (J09-J18),Influenza and pneumonia,Michigan,1565,13.3
6069,2011,Influenza and pneumonia (J09-J18),Influenza and pneumonia,Michigan,1750,15.1
6070,2010,Influenza and pneumonia (J09-J18),Influenza and pneumonia,Michigan,1529,13.6
6071,2009,Influenza and pneumonia (J09-J18),Influenza and pneumonia,Michigan,1613,14.5
6072,2008,Influenza and pneumonia (J09-J18),Influenza and pneumonia,Michigan,1853,16.9
6073,2007,Influenza and pneumonia (J09-J18),Influenza and pneumonia,Michigan,1637,15.1
6074,2006,Influenza and pneumonia (J09-J18),Influenza and pneumonia,Michigan,1679,15.9
6075,2005,Influenza and pneumonia (J09-J18),Influenza and pneumonia,Michigan,1950,18.9
6076,2004,Influenza and pneumonia (J09-J18),Influenza and pneumonia,Michigan,1957,19.2
6077,2003,Influenza and pneumonia (J09-J18),Influenza and pneumonia,Michigan,1941,19.4
6078,2002,Influenza and pneumonia (J09-J18),Influenza and pneumonia,Michigan,2029,20.6
6079,2001,Influenza and pneumonia (J09-J18),Influenza and pneumonia,Michigan,2076,21.5
6080,2000,Influenza and pneumonia (J09-J18),Influenza and pneumonia,Michigan,2052,21.6
6081,1999,Influenza and pneumonia (J09-J18),Influenza and pneumonia,Michigan,2307,24.7
6082,2016,Influenza and pneumonia (J09-J18),Influenza and pneumonia,Minnesota,529,7.8
6083,2015,Influenza and pneumonia (J09-J18),Influenza and pneumonia,Minnesota,738,10.9
6084,2014,Influenza and pneumonia (J09-J18),Influenza and pneumonia,Minnesota,638,9.8
6085,2013,Influenza and pneumonia (J09-J18),Influenza and pneumonia,Minnesota,751,11.6
6086,2012,Influenza and pneumonia (J09-J18),Influenza and pneumonia,Minnesota,674,10.6
6087,2011,Influenza and pneumonia (J09-J18),Influenza and pneumonia,Minnesota,680,10.7
6088,2010,Influenza and pneumonia (J09-J18),Influenza and pneumonia,Minnesota,595,9.7
6089,2009,Influenza and pneumonia (J09-J18),Influenza and pneumonia,Minnesota,618,10.3
6090,2008,Influenza and pneumonia (J09-J18),Influenza and pneumonia,Minnesota,745,12.5
6091,2007,Influenza and pneumonia (J09-J18),Influenza and pneumonia,Minnesota,603,10.4
6092,2006,Influenza and pneumonia (J09-J18),Influenza and pneumonia,Minnesota,630,11
6093,2005,Influenza and pneumonia (J09-J18),Influenza and pneumonia,Minnesota,846,15.1
6094,2004,Influenza and pneumonia (J09-J18),Influenza and pneumonia,Minnesota,750,13.6
6095,2003,Influenza and pneumonia (J09-J18),Influenza and pneumonia,Minnesota,858,15.7
6096,2002,Influenza and pneumonia (J09-J18),Influenza and pneumonia,Minnesota,900,16.9
6097,2001,Influenza and pneumonia (J09-J18),Influenza and pneumonia,Minnesota,828,15.7
6098,2000,Influenza and pneumonia (J09-J18),Influenza and pneumonia,Minnesota,845,16.4
6099,1999,Influenza and pneumonia (J09-J18),Influenza and pneumonia,Minnesota,1077,21.1
6100,2016,Influenza and pneumonia (J09-J18),Influenza and pneumonia,Mississippi,785,23.4
6101,2015,Influenza and pneumonia (J09-J18),Influenza and pneumonia,Mississippi,791,24
6102,2014,Influenza and pneumonia (J09-J18),Influenza and pneumonia,Mississippi,763,23.5
6103,2013,Influenza and pneumonia (J09-J18),Influenza and pneumonia,Mississippi,769,24.3
6104,2012,Influenza and pneumonia (J09-J18),Influenza and pneumonia,Mississippi,565,18.1
6105,2011,Influenza and pneumonia (J09-J18),Influenza and pneumonia,Mississippi,603,20.2
6106,2010,Influenza and pneumonia (J09-J18),Influenza and pneumonia,Mississippi,567,19.2
6107,2009,Influenza and pneumonia (J09-J18),Influenza and pneumonia,Mississippi,578,19.9
6108,2008,Influenza and pneumonia (J09-J18),Influenza and pneumonia,Mississippi,626,21.9
6109,2007,Influenza and pneumonia (J09-J18),Influenza and pneumonia,Mississippi,554,19.7
6110,2006,Influenza and pneumonia (J09-J18),Influenza and pneumonia,Mississippi,621,22.3
