ID,Year,113 Cause Name,Cause Name,State,Deaths,Age-adjusted Death Rate
8411,2009,Cerebrovascular diseases (I60-I69),Stroke,Washington,2591,38.6
8412,2008,Cerebrovascular diseases (I60-I69),Stroke,Washington,2773,42.3
8413,2007,Cerebrovascular diseases (I60-I69),Stroke,Washington,2692,42.1
8414,2006,Cerebrovascular diseases (I60-I69),Stroke,Washington,2725,43.6
8415,2005,Cerebrovascular diseases (I60-I69),Stroke,Washington,2895,48.1
8416,2004,Cerebrovascular diseases (I60-I69),Stroke,Washington,3243,55.1
8417,2003,Cerebrovascular diseases (I60-I69),Stroke,Washington,3595,62.4
8418,2002,Cerebrovascular diseases (I60-I69),Stroke,Washington,3753,66.6
8419,2001,Cerebrovascular diseases (I60-I69),Stroke,Washington,3765,68.1
8420,2000,Cerebrovascular diseases (I60-I69),Stroke,Washington,3714,68.7
8421,1999,Cerebrovascular diseases (I60-I69),Stroke,Washington,3718,69.9
8422,2016,Cerebrovascular diseases (I60-I69),Stroke,West Virginia,1039,41.7
8423,2015,Cerebrovascular diseases (I60-I69),Stroke,West Virginia,1079,43.8
8424,2014,Cerebrovascular diseases (I60-I69),Stroke,West Virginia,1103,45.3
8425,2013,Cerebrovascular diseases (I60-I69),Stroke,West Virginia,983,40.7
8426,2012,Cerebrovascular diseases (I60-I69),Stroke,West Virginia,1140,47.9
8427,2011,Cerebrovascular diseases (I60-I69),Stroke,West Virginia,1049,44.8
8428,2010,Cerebrovascular diseases (I60-I69),Stroke,West Virginia,1104,47.8
8429,2009,Cerebrovascular diseases (I60-I69),Stroke,West Virginia,1073,46.7
8430,2008,Cerebrovascular diseases (I60-I69),Stroke,West Virginia,1096,48.3
8431,2007,Cerebrovascular diseases (I60-I69),Stroke,West Virginia,1113,49.7
8432,2006,Cerebrovascular diseases (I60-I69),Stroke,West Virginia,1072,48.5
8433,2005,Cerebrovascular diseases (I60-I69),Stroke,West Virginia,1151,53.2
8434,2004,Cerebrovascular diseases (I60-I69),Stroke,West Virginia,1178,54.8
8435,2003,Cerebrovascular diseases (I60-I69),Stroke,West Virginia,1309,61.2
8436,2002,Cerebrovascular diseases (I60-I69),Stroke,West Virginia,1260,59.3
8437,2001,Cerebrovascular diseases (I60-I69),Stroke,West Virginia,1272,60.1
8438,2000,Cerebrovascular diseases (I60-I69),Stroke,West Virginia,1296,61.3
8439,1999,Cerebrovascular diseases (I60-I69),Stroke,West Virginia,1323,63.1
8440,2016,Cerebrovascular diseases (I60-I69),Stroke,Wisconsin,2481,33.3
8441,2015,Cerebrovascular diseases (I60-I69),Stroke,Wisconsin,2618,35.6
8442,2014,Cerebrovascular diseases (I60-I69),Stroke,Wisconsin,2511,34.6
8443,2013,Cerebrovascular diseases (I60-I69),Stroke,Wisconsin,2536,36
8444,2012,Cerebrovascular diseases (I60-I69),Stroke,Wisconsin,2520,36
8445,2011,Cerebrovascular diseases (I60-I69),Stroke,Wisconsin,2554,37.2
8446,2010,Cerebrovascular diseases (I60-I69),Stroke,Wisconsin,2609,38.8
8447,2009,Cerebrovascular diseases (I60-I69),Stroke,Wisconsin,2501,37.7
8448,2008,Cerebrovascular diseases (I60-I69),Stroke,Wisconsin,2638,40.1
8449,2007,Cerebrovascular diseases (I60-I69),Stroke,Wisconsin,2738,42.6
8450,2006,Cerebrovascular diseases (I60-I69),Stroke,Wisconsin,2829,44.6
8451,2005,Cerebrovascular diseases (I60-I69),Stroke,Wisconsin,2960,47.4
8452,2004,Cerebrovascular diseases (I60-I69),Stroke,Wisconsin,3071,50
8453,2003,Cerebrovascular diseases (I60-I69),Stroke,Wisconsin,3216,53.1
8454,2002,Cerebrovascular diseases (I60-I69),Stroke,Wisconsin,3479,58.4
8455,2001,Cerebrovascular diseases (I60-I69),Stroke,Wisconsin,3658,62.4
8456,2000,Cerebrovascular diseases (I60-I69),Stroke,Wisconsin,3598,62.2
8457,1999,Cerebrovascular diseases (I60-I69),Stroke,Wisconsin,3869,67.5
8458,2016,Cerebrovascular diseases (I60-I69),Stroke,Wyoming,208,31.7
8459,2015,Cerebrovascular diseases (I60-I69),Stroke,Wyoming,198,31.4
8460,2014,Cerebrovascular diseases (I60-I69),Stroke,Wyoming,189,30.2
8461,2013,Cerebrovascular diseases (I60-I69),Stroke,Wyoming,213,35.1
8462,2012,Cerebrovascular diseases (I60-I69),Stroke,Wyoming,205,34.9
8463,2011,Cerebrovascular diseases (I60-I69),Stroke,Wyoming,214,37.2
8464,2010,Cerebrovascular diseases (I60-I69),Stroke,Wyoming,204,37.2
8465,2009,Cerebrovascular diseases (I60-I69),Stroke,Wyoming,233,42.6
8466,2008,Cerebrovascular diseases (I60-I69),Stroke,Wyoming,234,44.4
8467,2007,Cerebrovascular diseases (I60-I69),Stroke,Wyoming,209,40.5
8468,2006,Cerebrovascular diseases (I60-I69),Stroke,Wyoming,236,46.5
8469,2005,Cerebrovascular diseases (I60-I69),Stroke,Wyoming,221,45.1
8470,2004,Cerebrovascular diseases (I60-I69),Stroke,Wyoming,214,44.2
8471,2003,Cerebrovascular diseases (I60-I69),Stroke,Wyoming,253,53.9
8472,2002,Cerebrovascular diseases (I60-I69),Stroke,Wyoming,243,52.8
8473,2001,Cerebrovascular diseases (I60-I69),Stroke,Wyoming,260,56.7
8474,2000,Cerebrovascular diseases (I60-I69),Stroke,Wyoming,260,58.3
8475,1999,Cerebrovascular diseases (I60-I69),Stroke,Wyoming,265,60.7
8476,2016,Intentional self-harm (suicide) (*U03 X60-X84 Y87.0),Suicide,Alabama,788,15.7
8477,2015,Intentional self-harm (suicide) (*U03 X60-X84 Y87.0),Suicide,Alabama,750,14.9
8478,2014,Intentional self-harm (suicide) (*U03 X60-X84 Y87.0),Suicide,Alabama,715,14.5
8479,2013,Intentional self-harm (suicide) (*U03 X60-X84 Y87.0),Suicide,Alabama,721,14.4
8480,2012,Intentional self-harm (suicide) (*U03 X60-X84 Y87.0),Suicide,Alabama,724,14.7
8481,2011,Intentional self-harm (suicide) (*U03 X60-X84 Y87.0),Suicide,Alabama,654,13.2
8482,2010,Intentional self-harm (suicide) (*U03 X60-X84 Y87.0),Suicide,Alabama,679,14
8483,2009,Intentional self-harm (suicide) (*U03 X60-X84 Y87.0),Suicide,Alabama,673,13.7
8484,2008,Intentional self-harm (suicide) (*U03 X60-X84 Y87.0),Suicide,Alabama,604,12.6
8485,2007,Intentional self-harm (suicide) (*U03 X60-X84 Y87.0),Suicide,Alabama,592,12.4
8486,2006,Intentional self-harm (suicide) (*U03 X60-X84 Y87.0),Suicide,Alabama,580,12.4
8487,2005,Intentional self-harm (suicide) (*U03 X60-X84 Y87.0),Suicide,Alabama,535,11.5
8488,2004,Intentional self-harm (suicide) (*U03 X60-X84 Y87.0),Suicide,Alabama,541,11.7
8489,2003,Intentional self-harm (suicide) (*U03 X60-X84 Y87.0),Suicide,Alabama,521,11.4
8490,2002,Intentional self-harm (suicide) (*U03 X60-X84 Y87.0),Suicide,Alabama,514,11.5
8491,2001,Intentional self-harm (suicide) (*U03 X60-X84 Y87.0),Suicide,Alabama,512,11.4
8492,2000,Intentional self-harm (suicide) (*U03 X60-X84 Y87.0),Suicide,Alabama,583,13.1
8493,1999,Intentional self-harm (suicide) (*U03 X60-X84 Y87.0),Suicide,Alabama,555,12.5
8494,2016,Intentional self-harm (suicide) (*U03 X60-X84 Y87.0),Suicide,Alaska,193,25.8
8495,2015,Intentional self-harm (suicide) (*U03 X60-X84 Y87.0),Suicide,Alaska,201,26.9
8496,2014,Intentional self-harm (suicide) (*U03 X60-X84 Y87.0),Suicide,Alaska,167,22.1
8497,2013,Intentional self-harm (suicide) (*U03 X60-X84 Y87.0),Suicide,Alaska,171,23.2
8498,2012,Intentional self-harm (suicide) (*U03 X60-X84 Y87.0),Suicide,Alaska,168,23
8499,2011,Intentional self-harm (suicide) (*U03 X60-X84 Y87.0),Suicide,Alaska,143,20
8500,2010,Intentional self-harm (suicide) (*U03 X60-X84 Y87.0),Suicide,Alaska,164,22.8
8501,2009,Intentional self-harm (suicide) (*U03 X60-X84 Y87.0),Suicide,Alaska,143,20
8502,2008,Intentional self-harm (suicide) (*U03 X60-X84 Y87.0),Suicide,Alaska,169,24.4
8503,2007,Intentional self-harm (suicide) (*U03 X60-X84 Y87.0),Suicide,Alaska,149,22.6
8504,2006,Intentional self-harm (suicide) (*U03 X60-X84 Y87.0),Suicide,Alaska,135,19.9
8505,2005,Intentional self-harm (suicide) (*U03 X60-X84 Y87.0),Suicide,Alaska,131,19.9
8506,2004,Intentional self-harm (suicide) (*U03 X60-X84 Y87.0),Suicide,Alaska,155,23
8507,2003,Intentional self-harm (suicide) (*U03 X60-X84 Y87.0),Suicide,Alaska,124,20.3
8508,2002,Intentional self-harm (suicide) (*U03 X60-X84 Y87.0),Suicide,Alaska,132,20.8
8509,2001,Intentional self-harm (suicide) (*U03 X60-X84 Y87.0),Suicide,Alaska,102,15.9
8510,2000,Intentional self-harm (suicide) (*U03 X60-X84 Y87.0),Suicide,Alaska,137,21.5
8511,1999,Intentional self-harm (suicide) (*U03 X60-X84 Y87.0),Suicide,Alaska,96,16.8
8512,2016,Intentional self-harm (suicide) (*U03 X60-X84 Y87.0),Suicide,Arizona,1271,17.7
8513,2015,Intentional self-harm (suicide) (*U03 X60-X84 Y87.0),Suicide,Arizona,1276,18.2
8514,2014,Intentional self-harm (suicide) (*U03 X60-X84 Y87.0),Suicide,Arizona,1244,18
8515,2013,Intentional self-harm (suicide) (*U03 X60-X84 Y87.0),Suicide,Arizona,1163,17.5
8516,2012,Intentional self-harm (suicide) (*U03 X60-X84 Y87.0),Suicide,Arizona,1156,17.3
8517,2011,Intentional self-harm (suicide) (*U03 X60-X84 Y87.0),Suicide,Arizona,1160,17.8
8518,2010,Intentional self-harm (suicide) (*U03 X60-X84 Y87.0),Suicide,Arizona,1093,17
8519,2009,Intentional self-harm (suicide) (*U03 X60-X84 Y87.0),Suicide,Arizona,1060,16.7
8520,2008,Intentional self-harm (suicide) (*U03 X60-X84 Y87.0),Suicide,Arizona,972,15.5
8521,2007,Intentional self-harm (suicide) (*U03 X60-X84 Y87.0),Suicide,Arizona,1016,16.5
8522,2006,Intentional self-harm (suicide) (*U03 X60-X84 Y87.0),Suicide,Arizona,979,16.3
8523,2005,Intentional self-harm (suicide) (*U03 X60-X84 Y87.0),Suicide,Arizona,945,16.4
8524,2004,Intentional self-harm (suicide) (*U03 X60-X84 Y87.0),Suicide,Arizona,880,15.8
8525,2003,Intentional self-harm (suicide) (*U03 X60-X84 Y87.0),Suicide,Arizona,840,15.5
8526,2002,Intentional self-harm (suicide) (*U03 X60-X84 Y87.0),Suicide,Arizona,886,16.6
8527,2001,Intentional self-harm (suicide) (*U03 X60-X84 Y87.0),Suicide,Arizona,767,14.8
8528,2000,Intentional self-harm (suicide) (*U03 X60-X84 Y87.0),Suicide,Arizona,784,15.6
8529,1999,Intentional self-harm (suicide) (*U03 X60-X84 Y87.0),Suicide,Arizona,766,15.5
8530,2016,Intentional self-harm (suicide) (*U03 X60-X84 Y87.0),Suicide,Arkansas,555,18.2
8531,2015,Intentional self-harm (suicide) (*U03 X60-X84 Y87.0),Suicide,Arkansas,577,19.1
8532,2014,Intentional self-harm (suicide) (*U03 X60-X84 Y87.0),Suicide,Arkansas,515,17.3
8533,2013,Intentional self-harm (suicide) (*U03 X60-X84 Y87.0),Suicide,Arkansas,516,17.3
8534,2012,Intentional self-harm (suicide) (*U03 X60-X84 Y87.0),Suicide,Arkansas,485,16.3
8535,2011,Intentional self-harm (suicide) (*U03 X60-X84 Y87.0),Suicide,Arkansas,462,16
8536,2010,Intentional self-harm (suicide) (*U03 X60-X84 Y87.0),Suicide,Arkansas,447,15.5
8537,2009,Intentional self-harm (suicide) (*U03 X60-X84 Y87.0),Suicide,Arkansas,422,14.5
8538,2008,Intentional self-harm (suicide) (*U03 X60-X84 Y87.0),Suicide,Arkansas,447,15.5
8539,2007,Intentional self-harm (suicide) (*U03 X60-X84 Y87.0),Suicide,Arkansas,402,14.2
8540,2006,Intentional self-harm (suicide) (*U03 X60-X84 Y87.0),Suicide,Arkansas,376,13.3
8541,2005,Intentional self-harm (suicide) (*U03 X60-X84 Y87.0),Suicide,Arkansas,400,14.3
8542,2004,Intentional self-harm (suicide) (*U03 X60-X84 Y87.0),Suicide,Arkansas,361,13
8543,2003,Intentional self-harm (suicide) (*U03 X60-X84 Y87.0),Suicide,Arkansas,374,13.6
8544,2002,Intentional self-harm (suicide) (*U03 X60-X84 Y87.0),Suicide,Arkansas,377,14
8545,2001,Intentional self-harm (suicide) (*U03 X60-X84 Y87.0),Suicide,Arkansas,382,14.3
8546,2000,Intentional self-harm (suicide) (*U03 X60-X84 Y87.0),Suicide,Arkansas,349,13
8547,1999,Intentional self-harm (suicide) (*U03 X60-X84 Y87.0),Suicide,Arkansas,336,12.6
8548,2016,Intentional self-harm (suicide) (*U03 X60-X84 Y87.0),Suicide,California,4294,10.5
8549,2015,Intentional self-harm (suicide) (*U03 X60-X84 Y87.0),Suicide,California,4167,10.3
8550,2014,Intentional self-harm (suicide) (*U03 X60-X84 Y87.0),Suicide,California,4214,10.5
8551,2013,Intentional self-harm (suicide) (*U03 X60-X84 Y87.0),Suicide,California,4025,10.2
8552,2012,Intentional self-harm (suicide) (*U03 X60-X84 Y87.0),Suicide,California,3893,10
8553,2011,Intentional self-harm (suicide) (*U03 X60-X84 Y87.0),Suicide,California,3996,10.4
8554,2010,Intentional self-harm (suicide) (*U03 X60-X84 Y87.0),Suicide,California,3913,10.3
8555,2009,Intentional self-harm (suicide) (*U03 X60-X84 Y87.0),Suicide,California,3823,10.2
8556,2008,Intentional self-harm (suicide) (*U03 X60-X84 Y87.0),Suicide,California,3775,10.3
8557,2007,Intentional self-harm (suicide) (*U03 X60-X84 Y87.0),Suicide,California,3602,9.9
8558,2006,Intentional self-harm (suicide) (*U03 X60-X84 Y87.0),Suicide,California,3334,9.3
8559,2005,Intentional self-harm (suicide) (*U03 X60-X84 Y87.0),Suicide,California,3206,9.1
8560,2004,Intentional self-harm (suicide) (*U03 X60-X84 Y87.0),Suicide,California,3368,9.7
8561,2003,Intentional self-harm (suicide) (*U03 X60-X84 Y87.0),Suicide,California,3397,9.9
8562,2002,Intentional self-harm (suicide) (*U03 X60-X84 Y87.0),Suicide,California,3228,9.6
8563,2001,Intentional self-harm (suicide) (*U03 X60-X84 Y87.0),Suicide,California,2831,8.5
8564,2000,Intentional self-harm (suicide) (*U03 X60-X84 Y87.0),Suicide,California,2969,9.1
8565,1999,Intentional self-harm (suicide) (*U03 X60-X84 Y87.0),Suicide,California,3077,9.6
8566,2016,Intentional self-harm (suicide) (*U03 X60-X84 Y87.0),Suicide,Colorado,1168,20.5
8567,2015,Intentional self-harm (suicide) (*U03 X60-X84 Y87.0),Suicide,Colorado,1093,19.5
8568,2014,Intentional self-harm (suicide) (*U03 X60-X84 Y87.0),Suicide,Colorado,1083,19.9
8569,2013,Intentional self-harm (suicide) (*U03 X60-X84 Y87.0),Suicide,Colorado,1007,18.6
8570,2012,Intentional self-harm (suicide) (*U03 X60-X84 Y87.0),Suicide,Colorado,1052,19.7
8571,2011,Intentional self-harm (suicide) (*U03 X60-X84 Y87.0),Suicide,Colorado,913,17.5
8572,2010,Intentional self-harm (suicide) (*U03 X60-X84 Y87.0),Suicide,Colorado,865,16.8
8573,2009,Intentional self-harm (suicide) (*U03 X60-X84 Y87.0),Suicide,Colorado,941,18.7
8574,2008,Intentional self-harm (suicide) (*U03 X60-X84 Y87.0),Suicide,Colorado,803,16.1
8575,2007,Intentional self-harm (suicide) (*U03 X60-X84 Y87.0),Suicide,Colorado,811,16.6
8576,2006,Intentional self-harm (suicide) (*U03 X60-X84 Y87.0),Suicide,Colorado,730,15.3
8577,2005,Intentional self-harm (suicide) (*U03 X60-X84 Y87.0),Suicide,Colorado,800,17.2
8578,2004,Intentional self-harm (suicide) (*U03 X60-X84 Y87.0),Suicide,Colorado,797,17.2
8579,2003,Intentional self-harm (suicide) (*U03 X60-X84 Y87.0),Suicide,Colorado,728,16.1
8580,2002,Intentional self-harm (suicide) (*U03 X60-X84 Y87.0),Suicide,Colorado,727,16.2
8581,2001,Intentional self-harm (suicide) (*U03 X60-X84 Y87.0),Suicide,Colorado,722,16.5
8582,2000,Intentional self-harm (suicide) (*U03 X60-X84 Y87.0),Suicide,Colorado,613,14.3
8583,1999,Intentional self-harm (suicide) (*U03 X60-X84 Y87.0),Suicide,Colorado,574,13.7
8584,2016,Intentional self-harm (suicide) (*U03 X60-X84 Y87.0),Suicide,Connecticut,397,10.1
8585,2015,Intentional self-harm (suicide) (*U03 X60-X84 Y87.0),Suicide,Connecticut,384,9.9
8586,2014,Intentional self-harm (suicide) (*U03 X60-X84 Y87.0),Suicide,Connecticut,379,9.8
8587,2013,Intentional self-harm (suicide) (*U03 X60-X84 Y87.0),Suicide,Connecticut,330,8.7
8588,2012,Intentional self-harm (suicide) (*U03 X60-X84 Y87.0),Suicide,Connecticut,368,9.9
8589,2011,Intentional self-harm (suicide) (*U03 X60-X84 Y87.0),Suicide,Connecticut,370,9.8
8590,2010,Intentional self-harm (suicide) (*U03 X60-X84 Y87.0),Suicide,Connecticut,353,9.4
8591,2009,Intentional self-harm (suicide) (*U03 X60-X84 Y87.0),Suicide,Connecticut,316,8.5
8592,2008,Intentional self-harm (suicide) (*U03 X60-X84 Y87.0),Suicide,Connecticut,315,8.5
8593,2007,Intentional self-harm (suicide) (*U03 X60-X84 Y87.0),Suicide,Connecticut,271,7.3
8594,2006,Intentional self-harm (suicide) (*U03 X60-X84 Y87.0),Suicide,Connecticut,292,8
8595,2005,Intentional self-harm (suicide) (*U03 X60-X84 Y87.0),Suicide,Connecticut,295,8.1
8596,2004,Intentional self-harm (suicide) (*U03 X60-X84 Y87.0),Suicide,Connecticut,294,8.2
8597,2003,Intentional self-harm (suicide) (*U03 X60-X84 Y87.0),Suicide,Connecticut,272,7.5
8598,2002,Intentional self-harm (suicide) (*U03 X60-X84 Y87.0),Suicide,Connecticut,260,7.3
8599,2001,Intentional self-harm (suicide) (*U03 X60-X84 Y87.0),Suicide,Connecticut,283,8.1
8600,2000,Intentional self-harm (suicide) (*U03 X60-X84 Y87.0),Suicide,Connecticut,304,8.8
8601,1999,Intentional self-harm (suicide) (*U03 X60-X84 Y87.0),Suicide,Connecticut,274,7.9
8602,2016,Intentional self-harm (suicide) (*U03 X60-X84 Y87.0),Suicide,Delaware,119,11.5
8603,2015,Intentional self-harm (suicide) (*U03 X60-X84 Y87.0),Suicide,Delaware,122,12.6
8604,2014,Intentional self-harm (suicide) (*U03 X60-X84 Y87.0),Suicide,Delaware,126,13.2
8605,2013,Intentional self-harm (suicide) (*U03 X60-X84 Y87.0),Suicide,Delaware,122,12.5
8606,2012,Intentional self-harm (suicide) (*U03 X60-X84 Y87.0),Suicide,Delaware,125,13.2
8607,2011,Intentional self-harm (suicide) (*U03 X60-X84 Y87.0),Suicide,Delaware,105,11
8608,2010,Intentional self-harm (suicide) (*U03 X60-X84 Y87.0),Suicide,Delaware,106,11.3
8609,2009,Intentional self-harm (suicide) (*U03 X60-X84 Y87.0),Suicide,Delaware,107,11.7
8610,2008,Intentional self-harm (suicide) (*U03 X60-X84 Y87.0),Suicide,Delaware,109,11.9
8611,2007,Intentional self-harm (suicide) (*U03 X60-X84 Y87.0),Suicide,Delaware,95,10.6
8612,2006,Intentional self-harm (suicide) (*U03 X60-X84 Y87.0),Suicide,Delaware,91,10.3
8613,2005,Intentional self-harm (suicide) (*U03 X60-X84 Y87.0),Suicide,Delaware,83,9.7
8614,2004,Intentional self-harm (suicide) (*U03 X60-X84 Y87.0),Suicide,Delaware,93,11
8615,2003,Intentional self-harm (suicide) (*U03 X60-X84 Y87.0),Suicide,Delaware,94,11.4
8616,2002,Intentional self-harm (suicide) (*U03 X60-X84 Y87.0),Suicide,Delaware,74,9.1
8617,2001,Intentional self-harm (suicide) (*U03 X60-X84 Y87.0),Suicide,Delaware,108,13.5
8618,2000,Intentional self-harm (suicide) (*U03 X60-X84 Y87.0),Suicide,Delaware,82,10.4
8619,1999,Intentional self-harm (suicide) (*U03 X60-X84 Y87.0),Suicide,Delaware,86,11
8620,2016,Intentional self-harm (suicide) (*U03 X60-X84 Y87.0),Suicide,District of Columbia,40,5.2
8621,2015,Intentional self-harm (suicide) (*U03 X60-X84 Y87.0),Suicide,District of Columbia,34,4.9
8622,2014,Intentional self-harm (suicide) (*U03 X60-X84 Y87.0),Suicide,District of Columbia,52,7.8
8623,2013,Intentional self-harm (suicide) (*U03 X60-X84 Y87.0),Suicide,District of Columbia,38,5.7
8624,2012,Intentional self-harm (suicide) (*U03 X60-X84 Y87.0),Suicide,District of Columbia,37,5.7
8625,2011,Intentional self-harm (suicide) (*U03 X60-X84 Y87.0),Suicide,District of Columbia,37,5.6
8626,2010,Intentional self-harm (suicide) (*U03 X60-X84 Y87.0),Suicide,District of Columbia,41,6.9
8627,2009,Intentional self-harm (suicide) (*U03 X60-X84 Y87.0),Suicide,District of Columbia,29,4.4
8628,2008,Intentional self-harm (suicide) (*U03 X60-X84 Y87.0),Suicide,District of Columbia,43,7.3
8629,2007,Intentional self-harm (suicide) (*U03 X60-X84 Y87.0),Suicide,District of Columbia,36,6
8630,2006,Intentional self-harm (suicide) (*U03 X60-X84 Y87.0),Suicide,District of Columbia,30,5.2
8631,2005,Intentional self-harm (suicide) (*U03 X60-X84 Y87.0),Suicide,District of Columbia,33,5.4
8632,2004,Intentional self-harm (suicide) (*U03 X60-X84 Y87.0),Suicide,District of Columbia,33,5.5
8633,2003,Intentional self-harm (suicide) (*U03 X60-X84 Y87.0),Suicide,District of Columbia,36,6.1
8634,2002,Intentional self-harm (suicide) (*U03 X60-X84 Y87.0),Suicide,District of Columbia,31,5.2
8635,2001,Intentional self-harm (suicide) (*U03 X60-X84 Y87.0),Suicide,District of Columbia,40,6.5
8636,2000,Intentional self-harm (suicide) (*U03 X60-X84 Y87.0),Suicide,District of Columbia,23,3.8
8637,1999,Intentional self-harm (suicide) (*U03 X60-X84 Y87.0),Suicide,District of Columbia,30,5.1
8638,2016,Intentional self-harm (suicide) (*U03 X60-X84 Y87.0),Suicide,Florida,3143,14
8639,2015,Intentional self-harm (suicide) (*U03 X60-X84 Y87.0),Suicide,Florida,3205,14.4
8640,2014,Intentional self-harm (suicide) (*U03 X60-X84 Y87.0),Suicide,Florida,3035,13.9
8641,2013,Intentional self-harm (suicide) (*U03 X60-X84 Y87.0),Suicide,Florida,2928,13.8
8642,2012,Intentional self-harm (suicide) (*U03 X60-X84 Y87.0),Suicide,Florida,3002,14.4
8643,2011,Intentional self-harm (suicide) (*U03 X60-X84 Y87.0),Suicide,Florida,2880,13.9
8644,2010,Intentional self-harm (suicide) (*U03 X60-X84 Y87.0),Suicide,Florida,2789,13.7
8645,2009,Intentional self-harm (suicide) (*U03 X60-X84 Y87.0),Suicide,Florida,2858,14.4
8646,2008,Intentional self-harm (suicide) (*U03 X60-X84 Y87.0),Suicide,Florida,2740,13.9
8647,2007,Intentional self-harm (suicide) (*U03 X60-X84 Y87.0),Suicide,Florida,2587,13.2
8648,2006,Intentional self-harm (suicide) (*U03 X60-X84 Y87.0),Suicide,Florida,2440,12.6
8649,2005,Intentional self-harm (suicide) (*U03 X60-X84 Y87.0),Suicide,Florida,2347,12.5
8650,2004,Intentional self-harm (suicide) (*U03 X60-X84 Y87.0),Suicide,Florida,2389,13
8651,2003,Intentional self-harm (suicide) (*U03 X60-X84 Y87.0),Suicide,Florida,2297,12.8
8652,2002,Intentional self-harm (suicide) (*U03 X60-X84 Y87.0),Suicide,Florida,2338,13.3
8653,2001,Intentional self-harm (suicide) (*U03 X60-X84 Y87.0),Suicide,Florida,2314,13.5
8654,2000,Intentional self-harm (suicide) (*U03 X60-X84 Y87.0),Suicide,Florida,2086,12.4
8655,1999,Intentional self-harm (suicide) (*U03 X60-X84 Y87.0),Suicide,Florida,2029,12.2
8656,2016,Intentional self-harm (suicide) (*U03 X60-X84 Y87.0),Suicide,Georgia,1409,13.3
8657,2015,Intentional self-harm (suicide) (*U03 X60-X84 Y87.0),Suicide,Georgia,1317,12.7
8658,2014,Intentional self-harm (suicide) (*U03 X60-X84 Y87.0),Suicide,Georgia,1295,12.6
8659,2013,Intentional self-harm (suicide) (*U03 X60-X84 Y87.0),Suicide,Georgia,1212,12
8660,2012,Intentional self-harm (suicide) (*U03 X60-X84 Y87.0),Suicide,Georgia,1168,11.7
8661,2011,Intentional self-harm (suicide) (*U03 X60-X84 Y87.0),Suicide,Georgia,1157,11.7
8662,2010,Intentional self-harm (suicide) (*U03 X60-X84 Y87.0),Suicide,Georgia,1133,11.7
8663,2009,Intentional self-harm (suicide) (*U03 X60-X84 Y87.0),Suicide,Georgia,1134,11.9
8664,2008,Intentional self-harm (suicide) (*U03 X60-X84 Y87.0),Suicide,Georgia,981,10.4
8665,2007,Intentional self-harm (suicide) (*U03 X60-X84 Y87.0),Suicide,Georgia,997,10.9
8666,2006,Intentional self-harm (suicide) (*U03 X60-X84 Y87.0),Suicide,Georgia,923,10.3
8667,2005,Intentional self-harm (suicide) (*U03 X60-X84 Y87.0),Suicide,Georgia,924,10.6
8668,2004,Intentional self-harm (suicide) (*U03 X60-X84 Y87.0),Suicide,Georgia,973,11.3
8669,2003,Intentional self-harm (suicide) (*U03 X60-X84 Y87.0),Suicide,Georgia,972,11.6
8670,2002,Intentional self-harm (suicide) (*U03 X60-X84 Y87.0),Suicide,Georgia,909,11.1
8671,2001,Intentional self-harm (suicide) (*U03 X60-X84 Y87.0),Suicide,Georgia,935,11.4
8672,2000,Intentional self-harm (suicide) (*U03 X60-X84 Y87.0),Suicide,Georgia,847,10.7
8673,1999,Intentional self-harm (suicide) (*U03 X60-X84 Y87.0),Suicide,Georgia,873,11.2
8674,2016,Intentional self-harm (suicide) (*U03 X60-X84 Y87.0),Suicide,Hawaii,174,12.1
8675,2015,Intentional self-harm (suicide) (*U03 X60-X84 Y87.0),Suicide,Hawaii,201,13.5
8676,2014,Intentional self-harm (suicide) (*U03 X60-X84 Y87.0),Suicide,Hawaii,204,13.8
8677,2013,Intentional self-harm (suicide) (*U03 X60-X84 Y87.0),Suicide,Hawaii,171,11.8
8678,2012,Intentional self-harm (suicide) (*U03 X60-X84 Y87.0),Suicide,Hawaii,190,13.1
8679,2011,Intentional self-harm (suicide) (*U03 X60-X84 Y87.0),Suicide,Hawaii,181,12.8
8680,2010,Intentional self-harm (suicide) (*U03 X60-X84 Y87.0),Suicide,Hawaii,207,15
8681,2009,Intentional self-harm (suicide) (*U03 X60-X84 Y87.0),Suicide,Hawaii,175,12.5
8682,2008,Intentional self-harm (suicide) (*U03 X60-X84 Y87.0),Suicide,Hawaii,133,9.7
8683,2007,Intentional self-harm (suicide) (*U03 X60-X84 Y87.0),Suicide,Hawaii,133,9.5
8684,2006,Intentional self-harm (suicide) (*U03 X60-X84 Y87.0),Suicide,Hawaii,120,9
8685,2005,Intentional self-harm (suicide) (*U03 X60-X84 Y87.0),Suicide,Hawaii,107,8.2
8686,2004,Intentional self-harm (suicide) (*U03 X60-X84 Y87.0),Suicide,Hawaii,116,8.9
8687,2003,Intentional self-harm (suicide) (*U03 X60-X84 Y87.0),Suicide,Hawaii,131,10.2
8688,2002,Intentional self-harm (suicide) (*U03 X60-X84 Y87.0),Suicide,Hawaii,120,9.5
8689,2001,Intentional self-harm (suicide) (*U03 X60-X84 Y87.0),Suicide,Hawaii,136,10.9
8690,2000,Intentional self-harm (suicide) (*U03 X60-X84 Y87.0),Suicide,Hawaii,137,11.2
8691,1999,Intentional self-harm (suicide) (*U03 X60-X84 Y87.0),Suicide,Hawaii,136,11.1
8692,2016,Intentional self-harm (suicide) (*U03 X60-X84 Y87.0),Suicide,Idaho,351,21.4
8693,2015,Intentional self-harm (suicide) (*U03 X60-X84 Y87.0),Suicide,Idaho,359,22.1
8694,2014,Intentional self-harm (suicide) (*U03 X60-X84 Y87.0),Suicide,Idaho,320,20
8695,2013,Intentional self-harm (suicide) (*U03 X60-X84 Y87.0),Suicide,Idaho,308,19.2
8696,2012,Intentional self-harm (suicide) (*U03 X60-X84 Y87.0),Suicide,Idaho,297,19
8697,2011,Intentional self-harm (suicide) (*U03 X60-X84 Y87.0),Suicide,Idaho,281,18.2
8698,2010,Intentional self-harm (suicide) (*U03 X60-X84 Y87.0),Suicide,Idaho,290,18.8
8699,2009,Intentional self-harm (suicide) (*U03 X60-X84 Y87.0),Suicide,Idaho,304,20.3
8700,2008,Intentional self-harm (suicide) (*U03 X60-X84 Y87.0),Suicide,Idaho,252,16.7
8701,2007,Intentional self-harm (suicide) (*U03 X60-X84 Y87.0),Suicide,Idaho,223,15
8702,2006,Intentional self-harm (suicide) (*U03 X60-X84 Y87.0),Suicide,Idaho,222,15.8
8703,2005,Intentional self-harm (suicide) (*U03 X60-X84 Y87.0),Suicide,Idaho,228,16.5
8704,2004,Intentional self-harm (suicide) (*U03 X60-X84 Y87.0),Suicide,Idaho,236,17.6
8705,2003,Intentional self-harm (suicide) (*U03 X60-X84 Y87.0),Suicide,Idaho,217,16.4
8706,2002,Intentional self-harm (suicide) (*U03 X60-X84 Y87.0),Suicide,Idaho,202,15.5
8707,2001,Intentional self-harm (suicide) (*U03 X60-X84 Y87.0),Suicide,Idaho,210,16.3
8708,2000,Intentional self-harm (suicide) (*U03 X60-X84 Y87.0),Suicide,Idaho,167,13.3
8709,1999,Intentional self-harm (suicide) (*U03 X60-X84 Y87.0),Suicide,Idaho,181,14.8
8710,2016,Intentional self-harm (suicide) (*U03 X60-X84 Y87.0),Suicide,Illinois,1415,10.7
8711,2015,Intentional self-harm (suicide) (*U03 X60-X84 Y87.0),Suicide,Illinois,1363,10.3
8712,2014,Intentional self-harm (suicide) (*U03 X60-X84 Y87.0),Suicide,Illinois,1398,10.5
8713,2013,Intentional self-harm (suicide) (*U03 X60-X84 Y87.0),Suicide,Illinois,1321,9.9
8714,2012,Intentional self-harm (suicide) (*U03 X60-X84 Y87.0),Suicide,Illinois,1292,9.8
8715,2011,Intentional self-harm (suicide) (*U03 X60-X84 Y87.0),Suicide,Illinois,1226,9.3
8716,2010,Intentional self-harm (suicide) (*U03 X60-X84 Y87.0),Suicide,Illinois,1178,9
8717,2009,Intentional self-harm (suicide) (*U03 X60-X84 Y87.0),Suicide,Illinois,1177,9.1
8718,2008,Intentional self-harm (suicide) (*U03 X60-X84 Y87.0),Suicide,Illinois,1198,9.3
8719,2007,Intentional self-harm (suicide) (*U03 X60-X84 Y87.0),Suicide,Illinois,1108,8.6
8720,2006,Intentional self-harm (suicide) (*U03 X60-X84 Y87.0),Suicide,Illinois,1010,7.9
8721,2005,Intentional self-harm (suicide) (*U03 X60-X84 Y87.0),Suicide,Illinois,1086,8.6
8722,2004,Intentional self-harm (suicide) (*U03 X60-X84 Y87.0),Suicide,Illinois,1028,8.1
8723,2003,Intentional self-harm (suicide) (*U03 X60-X84 Y87.0),Suicide,Illinois,1011,8
8724,2002,Intentional self-harm (suicide) (*U03 X60-X84 Y87.0),Suicide,Illinois,1145,9.2
8725,2001,Intentional self-harm (suicide) (*U03 X60-X84 Y87.0),Suicide,Illinois,1139,9.2
8726,2000,Intentional self-harm (suicide) (*U03 X60-X84 Y87.0),Suicide,Illinois,1003,8.1
8727,1999,Intentional self-harm (suicide) (*U03 X60-X84 Y87.0),Suicide,Illinois,1020,8.3
8728,2016,Intentional self-harm (suicide) (*U03 X60-X84 Y87.0),Suicide,Indiana,1034,15.4
8729,2015,Intentional self-harm (suicide) (*U03 X60-X84 Y87.0),Suicide,Indiana,960,14.4
8730,2014,Intentional self-harm (suicide) (*U03 X60-X84 Y87.0),Suicide,Indiana,948,14.3
8731,2013,Intentional self-harm (suicide) (*U03 X60-X84 Y87.0),Suicide,Indiana,944,14.3
8732,2012,Intentional self-harm (suicide) (*U03 X60-X84 Y87.0),Suicide,Indiana,940,14.3
8733,2011,Intentional self-harm (suicide) (*U03 X60-X84 Y87.0),Suicide,Indiana,881,13.5
8734,2010,Intentional self-harm (suicide) (*U03 X60-X84 Y87.0),Suicide,Indiana,864,13.1
8735,2009,Intentional self-harm (suicide) (*U03 X60-X84 Y87.0),Suicide,Indiana,828,12.8
8736,2008,Intentional self-harm (suicide) (*U03 X60-X84 Y87.0),Suicide,Indiana,809,12.6
8737,2007,Intentional self-harm (suicide) (*U03 X60-X84 Y87.0),Suicide,Indiana,790,12.3
8738,2006,Intentional self-harm (suicide) (*U03 X60-X84 Y87.0),Suicide,Indiana,824,13
8739,2005,Intentional self-harm (suicide) (*U03 X60-X84 Y87.0),Suicide,Indiana,745,11.9
8740,2004,Intentional self-harm (suicide) (*U03 X60-X84 Y87.0),Suicide,Indiana,704,11.3
8741,2003,Intentional self-harm (suicide) (*U03 X60-X84 Y87.0),Suicide,Indiana,736,11.9
8742,2002,Intentional self-harm (suicide) (*U03 X60-X84 Y87.0),Suicide,Indiana,743,12.1
8743,2001,Intentional self-harm (suicide) (*U03 X60-X84 Y87.0),Suicide,Indiana,715,11.7
8744,2000,Intentional self-harm (suicide) (*U03 X60-X84 Y87.0),Suicide,Indiana,683,11.3
8745,1999,Intentional self-harm (suicide) (*U03 X60-X84 Y87.0),Suicide,Indiana,628,10.4
8746,2016,Intentional self-harm (suicide) (*U03 X60-X84 Y87.0),Suicide,Iowa,451,14.6
8747,2015,Intentional self-harm (suicide) (*U03 X60-X84 Y87.0),Suicide,Iowa,433,13.9
8748,2014,Intentional self-harm (suicide) (*U03 X60-X84 Y87.0),Suicide,Iowa,407,12.9
8749,2013,Intentional self-harm (suicide) (*U03 X60-X84 Y87.0),Suicide,Iowa,447,14.4
8750,2012,Intentional self-harm (suicide) (*U03 X60-X84 Y87.0),Suicide,Iowa,383,12.7
8751,2011,Intentional self-harm (suicide) (*U03 X60-X84 Y87.0),Suicide,Iowa,422,13.9
8752,2010,Intentional self-harm (suicide) (*U03 X60-X84 Y87.0),Suicide,Iowa,372,12.1
8753,2009,Intentional self-harm (suicide) (*U03 X60-X84 Y87.0),Suicide,Iowa,361,11.9
8754,2008,Intentional self-harm (suicide) (*U03 X60-X84 Y87.0),Suicide,Iowa,380,12.6
8755,2007,Intentional self-harm (suicide) (*U03 X60-X84 Y87.0),Suicide,Iowa,322,10.7
8756,2006,Intentional self-harm (suicide) (*U03 X60-X84 Y87.0),Suicide,Iowa,334,11.2
8757,2005,Intentional self-harm (suicide) (*U03 X60-X84 Y87.0),Suicide,Iowa,333,11.2
8758,2004,Intentional self-harm (suicide) (*U03 X60-X84 Y87.0),Suicide,Iowa,343,11.5
8759,2003,Intentional self-harm (suicide) (*U03 X60-X84 Y87.0),Suicide,Iowa,352,11.9
8760,2002,Intentional self-harm (suicide) (*U03 X60-X84 Y87.0),Suicide,Iowa,314,10.7
8761,2001,Intentional self-harm (suicide) (*U03 X60-X84 Y87.0),Suicide,Iowa,304,10.2
8762,2000,Intentional self-harm (suicide) (*U03 X60-X84 Y87.0),Suicide,Iowa,289,9.8
8763,1999,Intentional self-harm (suicide) (*U03 X60-X84 Y87.0),Suicide,Iowa,305,10.3
8764,2016,Intentional self-harm (suicide) (*U03 X60-X84 Y87.0),Suicide,Kansas,514,17.9
8765,2015,Intentional self-harm (suicide) (*U03 X60-X84 Y87.0),Suicide,Kansas,477,16.3
8766,2014,Intentional self-harm (suicide) (*U03 X60-X84 Y87.0),Suicide,Kansas,455,15.7
8767,2013,Intentional self-harm (suicide) (*U03 X60-X84 Y87.0),Suicide,Kansas,425,14.7
8768,2012,Intentional self-harm (suicide) (*U03 X60-X84 Y87.0),Suicide,Kansas,502,17.4
8769,2011,Intentional self-harm (suicide) (*U03 X60-X84 Y87.0),Suicide,Kansas,394,13.8
8770,2010,Intentional self-harm (suicide) (*U03 X60-X84 Y87.0),Suicide,Kansas,401,14
8771,2009,Intentional self-harm (suicide) (*U03 X60-X84 Y87.0),Suicide,Kansas,382,13.6
8772,2008,Intentional self-harm (suicide) (*U03 X60-X84 Y87.0),Suicide,Kansas,337,12.1
8773,2007,Intentional self-harm (suicide) (*U03 X60-X84 Y87.0),Suicide,Kansas,382,13.7
8774,2006,Intentional self-harm (suicide) (*U03 X60-X84 Y87.0),Suicide,Kansas,379,13.9
8775,2005,Intentional self-harm (suicide) (*U03 X60-X84 Y87.0),Suicide,Kansas,362,13.3
8776,2004,Intentional self-harm (suicide) (*U03 X60-X84 Y87.0),Suicide,Kansas,370,13.7
8777,2003,Intentional self-harm (suicide) (*U03 X60-X84 Y87.0),Suicide,Kansas,347,12.8
8778,2002,Intentional self-harm (suicide) (*U03 X60-X84 Y87.0),Suicide,Kansas,345,12.7
8779,2001,Intentional self-harm (suicide) (*U03 X60-X84 Y87.0),Suicide,Kansas,293,10.9
8780,2000,Intentional self-harm (suicide) (*U03 X60-X84 Y87.0),Suicide,Kansas,325,12.2
8781,1999,Intentional self-harm (suicide) (*U03 X60-X84 Y87.0),Suicide,Kansas,299,11.2
8782,2016,Intentional self-harm (suicide) (*U03 X60-X84 Y87.0),Suicide,Kentucky,756,16.8
8783,2015,Intentional self-harm (suicide) (*U03 X60-X84 Y87.0),Suicide,Kentucky,776,17.1
8784,2014,Intentional self-harm (suicide) (*U03 X60-X84 Y87.0),Suicide,Kentucky,728,16
8785,2013,Intentional self-harm (suicide) (*U03 X60-X84 Y87.0),Suicide,Kentucky,701,15.6
8786,2012,Intentional self-harm (suicide) (*U03 X60-X84 Y87.0),Suicide,Kentucky,724,16.2
8787,2011,Intentional self-harm (suicide) (*U03 X60-X84 Y87.0),Suicide,Kentucky,675,15.2
8788,2010,Intentional self-harm (suicide) (*U03 X60-X84 Y87.0),Suicide,Kentucky,631,14.2
8789,2009,Intentional self-harm (suicide) (*U03 X60-X84 Y87.0),Suicide,Kentucky,592,13.5
8790,2008,Intentional self-harm (suicide) (*U03 X60-X84 Y87.0),Suicide,Kentucky,612,14
8791,2007,Intentional self-harm (suicide) (*U03 X60-X84 Y87.0),Suicide,Kentucky,649,15.1
8792,2006,Intentional self-harm (suicide) (*U03 X60-X84 Y87.0),Suicide,Kentucky,622,14.6
8793,2005,Intentional self-harm (suicide) (*U03 X60-X84 Y87.0),Suicide,Kentucky,566,13.4
8794,2004,Intentional self-harm (suicide) (*U03 X60-X84 Y87.0),Suicide,Kentucky,560,13.3
8795,2003,Intentional self-harm (suicide) (*U03 X60-X84 Y87.0),Suicide,Kentucky,567,13.6
8796,2002,Intentional self-harm (suicide) (*U03 X60-X84 Y87.0),Suicide,Kentucky,540,13
8797,2001,Intentional self-harm (suicide) (*U03 X60-X84 Y87.0),Suicide,Kentucky,495,12.1
8798,2000,Intentional self-harm (suicide) (*U03 X60-X84 Y87.0),Suicide,Kentucky,521,12.8
8799,1999,Intentional self-harm (suicide) (*U03 X60-X84 Y87.0),Suicide,Kentucky,470,11.6
8800,2016,Intentional self-harm (suicide) (*U03 X60-X84 Y87.0),Suicide,Louisiana,677,14.2
8801,2015,Intentional self-harm (suicide) (*U03 X60-X84 Y87.0),Suicide,Louisiana,722,15.2
8802,2014,Intentional self-harm (suicide) (*U03 X60-X84 Y87.0),Suicide,Louisiana,679,14.3
8803,2013,Intentional self-harm (suicide) (*U03 X60-X84 Y87.0),Suicide,Louisiana,583,12.4
8804,2012,Intentional self-harm (suicide) (*U03 X60-X84 Y87.0),Suicide,Louisiana,567,12.4
8805,2011,Intentional self-harm (suicide) (*U03 X60-X84 Y87.0),Suicide,Louisiana,573,12.5
8806,2010,Intentional self-harm (suicide) (*U03 X60-X84 Y87.0),Suicide,Louisiana,557,12.3
8807,2009,Intentional self-harm (suicide) (*U03 X60-X84 Y87.0),Suicide,Louisiana,490,10.9
8808,2008,Intentional self-harm (suicide) (*U03 X60-X84 Y87.0),Suicide,Louisiana,532,12
8809,2007,Intentional self-harm (suicide) (*U03 X60-X84 Y87.0),Suicide,Louisiana,522,12
8810,2006,Intentional self-harm (suicide) (*U03 X60-X84 Y87.0),Suicide,Louisiana,492,11.5
8811,2005,Intentional self-harm (suicide) (*U03 X60-X84 Y87.0),Suicide,Louisiana,505,11
8812,2004,Intentional self-harm (suicide) (*U03 X60-X84 Y87.0),Suicide,Louisiana,537,11.9
8813,2003,Intentional self-harm (suicide) (*U03 X60-X84 Y87.0),Suicide,Louisiana,461,10.3
8814,2002,Intentional self-harm (suicide) (*U03 X60-X84 Y87.0),Suicide,Louisiana,499,11.2
8815,2001,Intentional self-harm (suicide) (*U03 X60-X84 Y87.0),Suicide,Louisiana,493,11.2
8816,2000,Intentional self-harm (suicide) (*U03 X60-X84 Y87.0),Suicide,Louisiana,468,10.7
8817,1999,Intentional self-harm (suicide) (*U03 X60-X84 Y87.0),Suicide,Louisiana,518,11.9
8818,2016,Intentional self-harm (suicide) (*U03 X60-X84 Y87.0),Suicide,Maine,226,15.9
8819,2015,Intentional self-harm (suicide) (*U03 X60-X84 Y87.0),Suicide,Maine,235,16
8820,2014,Intentional self-harm (suicide) (*U03 X60-X84 Y87.0),Suicide,Maine,220,15.7
8821,2013,Intentional self-harm (suicide) (*U03 X60-X84 Y87.0),Suicide,Maine,245,17.4
8822,2012,Intentional self-harm (suicide) (*U03 X60-X84 Y87.0),Suicide,Maine,209,14.5
8823,2011,Intentional self-harm (suicide) (*U03 X60-X84 Y87.0),Suicide,Maine,235,16.6
8824,2010,Intentional self-harm (suicide) (*U03 X60-X84 Y87.0),Suicide,Maine,186,13.2
8825,2009,Intentional self-harm (suicide) (*U03 X60-X84 Y87.0),Suicide,Maine,197,14
8826,2008,Intentional self-harm (suicide) (*U03 X60-X84 Y87.0),Suicide,Maine,181,12.7
8827,2007,Intentional self-harm (suicide) (*U03 X60-X84 Y87.0),Suicide,Maine,191,13.6
8828,2006,Intentional self-harm (suicide) (*U03 X60-X84 Y87.0),Suicide,Maine,158,11
8829,2005,Intentional self-harm (suicide) (*U03 X60-X84 Y87.0),Suicide,Maine,175,12.4
8830,2004,Intentional self-harm (suicide) (*U03 X60-X84 Y87.0),Suicide,Maine,171,12.4
8831,2003,Intentional self-harm (suicide) (*U03 X60-X84 Y87.0),Suicide,Maine,137,10
8832,2002,Intentional self-harm (suicide) (*U03 X60-X84 Y87.0),Suicide,Maine,166,12.5
8833,2001,Intentional self-harm (suicide) (*U03 X60-X84 Y87.0),Suicide,Maine,161,12.1
8834,2000,Intentional self-harm (suicide) (*U03 X60-X84 Y87.0),Suicide,Maine,154,11.8
8835,1999,Intentional self-harm (suicide) (*U03 X60-X84 Y87.0),Suicide,Maine,175,13.4
8836,2016,Intentional self-harm (suicide) (*U03 X60-X84 Y87.0),Suicide,Maryland,586,9.4
8837,2015,Intentional self-harm (suicide) (*U03 X60-X84 Y87.0),Suicide,Maryland,553,8.8
8838,2014,Intentional self-harm (suicide) (*U03 X60-X84 Y87.0),Suicide,Maryland,606,9.8
8839,2013,Intentional self-harm (suicide) (*U03 X60-X84 Y87.0),Suicide,Maryland,569,9.2
8840,2012,Intentional self-harm (suicide) (*U03 X60-X84 Y87.0),Suicide,Maryland,583,9.5
8841,2011,Intentional self-harm (suicide) (*U03 X60-X84 Y87.0),Suicide,Maryland,558,9.2
8842,2010,Intentional self-harm (suicide) (*U03 X60-X84 Y87.0),Suicide,Maryland,502,8.3
8843,2009,Intentional self-harm (suicide) (*U03 X60-X84 Y87.0),Suicide,Maryland,551,9.3
8844,2008,Intentional self-harm (suicide) (*U03 X60-X84 Y87.0),Suicide,Maryland,507,8.7
8845,2007,Intentional self-harm (suicide) (*U03 X60-X84 Y87.0),Suicide,Maryland,518,9
8846,2006,Intentional self-harm (suicide) (*U03 X60-X84 Y87.0),Suicide,Maryland,495,8.6
8847,2005,Intentional self-harm (suicide) (*U03 X60-X84 Y87.0),Suicide,Maryland,472,8.4
8848,2004,Intentional self-harm (suicide) (*U03 X60-X84 Y87.0),Suicide,Maryland,500,8.8
8849,2003,Intentional self-harm (suicide) (*U03 X60-X84 Y87.0),Suicide,Maryland,491,8.9
8850,2002,Intentional self-harm (suicide) (*U03 X60-X84 Y87.0),Suicide,Maryland,477,8.8
8851,2001,Intentional self-harm (suicide) (*U03 X60-X84 Y87.0),Suicide,Maryland,454,8.4
8852,2000,Intentional self-harm (suicide) (*U03 X60-X84 Y87.0),Suicide,Maryland,474,9
8853,1999,Intentional self-harm (suicide) (*U03 X60-X84 Y87.0),Suicide,Maryland,435,8.3
8854,2016,Intentional self-harm (suicide) (*U03 X60-X84 Y87.0),Suicide,Massachusetts,631,8.8
8855,2015,Intentional self-harm (suicide) (*U03 X60-X84 Y87.0),Suicide,Massachusetts,642,8.9
8856,2014,Intentional self-harm (suicide) (*U03 X60-X84 Y87.0),Suicide,Massachusetts,596,8.2
8857,2013,Intentional self-harm (suicide) (*U03 X60-X84 Y87.0),Suicide,Massachusetts,572,8.2
8858,2012,Intentional self-harm (suicide) (*U03 X60-X84 Y87.0),Suicide,Massachusetts,604,8.7
8859,2011,Intentional self-harm (suicide) (*U03 X60-X84 Y87.0),Suicide,Massachusetts,585,8.4
8860,2010,Intentional self-harm (suicide) (*U03 X60-X84 Y87.0),Suicide,Massachusetts,598,8.8
8861,2009,Intentional self-harm (suicide) (*U03 X60-X84 Y87.0),Suicide,Massachusetts,530,7.8
8862,2008,Intentional self-harm (suicide) (*U03 X60-X84 Y87.0),Suicide,Massachusetts,509,7.5
8863,2007,Intentional self-harm (suicide) (*U03 X60-X84 Y87.0),Suicide,Massachusetts,516,7.7
8864,2006,Intentional self-harm (suicide) (*U03 X60-X84 Y87.0),Suicide,Massachusetts,450,6.7
8865,2005,Intentional self-harm (suicide) (*U03 X60-X84 Y87.0),Suicide,Massachusetts,480,7.2
8866,2004,Intentional self-harm (suicide) (*U03 X60-X84 Y87.0),Suicide,Massachusetts,425,6.4
8867,2003,Intentional self-harm (suicide) (*U03 X60-X84 Y87.0),Suicide,Massachusetts,433,6.5
8868,2002,Intentional self-harm (suicide) (*U03 X60-X84 Y87.0),Suicide,Massachusetts,436,6.6
8869,2001,Intentional self-harm (suicide) (*U03 X60-X84 Y87.0),Suicide,Massachusetts,426,6.5
8870,2000,Intentional self-harm (suicide) (*U03 X60-X84 Y87.0),Suicide,Massachusetts,387,6
8871,1999,Intentional self-harm (suicide) (*U03 X60-X84 Y87.0),Suicide,Massachusetts,431,6.7
8872,2016,Intentional self-harm (suicide) (*U03 X60-X84 Y87.0),Suicide,Michigan,1364,13.3
8873,2015,Intentional self-harm (suicide) (*U03 X60-X84 Y87.0),Suicide,Michigan,1410,13.8
8874,2014,Intentional self-harm (suicide) (*U03 X60-X84 Y87.0),Suicide,Michigan,1354,13.3
8875,2013,Intentional self-harm (suicide) (*U03 X60-X84 Y87.0),Suicide,Michigan,1295,12.9
8876,2012,Intentional self-harm (suicide) (*U03 X60-X84 Y87.0),Suicide,Michigan,1261,12.5
8877,2011,Intentional self-harm (suicide) (*U03 X60-X84 Y87.0),Suicide,Michigan,1221,12.2
8878,2010,Intentional self-harm (suicide) (*U03 X60-X84 Y87.0),Suicide,Michigan,1263,12.5
8879,2009,Intentional self-harm (suicide) (*U03 X60-X84 Y87.0),Suicide,Michigan,1169,11.5
8880,2008,Intentional self-harm (suicide) (*U03 X60-X84 Y87.0),Suicide,Michigan,1180,11.8
8881,2007,Intentional self-harm (suicide) (*U03 X60-X84 Y87.0),Suicide,Michigan,1131,11.1
8882,2006,Intentional self-harm (suicide) (*U03 X60-X84 Y87.0),Suicide,Michigan,1139,11.2
8883,2005,Intentional self-harm (suicide) (*U03 X60-X84 Y87.0),Suicide,Michigan,1108,11
8884,2004,Intentional self-harm (suicide) (*U03 X60-X84 Y87.0),Suicide,Michigan,1098,10.9
8885,2003,Intentional self-harm (suicide) (*U03 X60-X84 Y87.0),Suicide,Michigan,1029,10.2
8886,2002,Intentional self-harm (suicide) (*U03 X60-X84 Y87.0),Suicide,Michigan,1106,11.1
8887,2001,Intentional self-harm (suicide) (*U03 X60-X84 Y87.0),Suicide,Michigan,1051,10.5
8888,2000,Intentional self-harm (suicide) (*U03 X60-X84 Y87.0),Suicide,Michigan,974,9.9
8889,1999,Intentional self-harm (suicide) (*U03 X60-X84 Y87.0),Suicide,Michigan,974,9.9
8890,2016,Intentional self-harm (suicide) (*U03 X60-X84 Y87.0),Suicide,Minnesota,745,13.2
8891,2015,Intentional self-harm (suicide) (*U03 X60-X84 Y87.0),Suicide,Minnesota,730,13.2
8892,2014,Intentional self-harm (suicide) (*U03 X60-X84 Y87.0),Suicide,Minnesota,686,12.2
8893,2013,Intentional self-harm (suicide) (*U03 X60-X84 Y87.0),Suicide,Minnesota,678,12.1
8894,2012,Intentional self-harm (suicide) (*U03 X60-X84 Y87.0),Suicide,Minnesota,656,12
8895,2011,Intentional self-harm (suicide) (*U03 X60-X84 Y87.0),Suicide,Minnesota,683,12.5
8896,2010,Intentional self-harm (suicide) (*U03 X60-X84 Y87.0),Suicide,Minnesota,606,11.2
8897,2009,Intentional self-harm (suicide) (*U03 X60-X84 Y87.0),Suicide,Minnesota,584,10.8
8898,2008,Intentional self-harm (suicide) (*U03 X60-X84 Y87.0),Suicide,Minnesota,596,11.2
8899,2007,Intentional self-harm (suicide) (*U03 X60-X84 Y87.0),Suicide,Minnesota,572,10.8
8900,2006,Intentional self-harm (suicide) (*U03 X60-X84 Y87.0),Suicide,Minnesota,554,10.6
8901,2005,Intentional self-harm (suicide) (*U03 X60-X84 Y87.0),Suicide,Minnesota,547,10.5
8902,2004,Intentional self-harm (suicide) (*U03 X60-X84 Y87.0),Suicide,Minnesota,524,10.2
8903,2003,Intentional self-harm (suicide) (*U03 X60-X84 Y87.0),Suicide,Minnesota,497,9.8
8904,2002,Intentional self-harm (suicide) (*U03 X60-X84 Y87.0),Suicide,Minnesota,497,9.8
8905,2001,Intentional self-harm (suicide) (*U03 X60-X84 Y87.0),Suicide,Minnesota,480,9.6
8906,2000,Intentional self-harm (suicide) (*U03 X60-X84 Y87.0),Suicide,Minnesota,440,8.9
8907,1999,Intentional self-harm (suicide) (*U03 X60-X84 Y87.0),Suicide,Minnesota,437,9
8908,2016,Intentional self-harm (suicide) (*U03 X60-X84 Y87.0),Suicide,Mississippi,383,12.7
8909,2015,Intentional self-harm (suicide) (*U03 X60-X84 Y87.0),Suicide,Mississippi,431,14
8910,2014,Intentional self-harm (suicide) (*U03 X60-X84 Y87.0),Suicide,Mississippi,380,12.5
8911,2013,Intentional self-harm (suicide) (*U03 X60-X84 Y87.0),Suicide,Mississippi,388,13
8912,2012,Intentional self-harm (suicide) (*U03 X60-X84 Y87.0),Suicide,Mississippi,410,14
8913,2011,Intentional self-harm (suicide) (*U03 X60-X84 Y87.0),Suicide,Mississippi,389,13.1
8914,2010,Intentional self-harm (suicide) (*U03 X60-X84 Y87.0),Suicide,Mississippi,388,13
8915,2009,Intentional self-harm (suicide) (*U03 X60-X84 Y87.0),Suicide,Mississippi,381,13.1
8916,2008,Intentional self-harm (suicide) (*U03 X60-X84 Y87.0),Suicide,Mississippi,409,13.9
8917,2007,Intentional self-harm (suicide) (*U03 X60-X84 Y87.0),Suicide,Mississippi,396,13.6
8918,2006,Intentional self-harm (suicide) (*U03 X60-X84 Y87.0),Suicide,Mississippi,325,11.4
8919,2005,Intentional self-harm (suicide) (*U03 X60-X84 Y87.0),Suicide,Mississippi,363,12.7
8920,2004,Intentional self-harm (suicide) (*U03 X60-X84 Y87.0),Suicide,Mississippi,350,12.2
8921,2003,Intentional self-harm (suicide) (*U03 X60-X84 Y87.0),Suicide,Mississippi,336,11.9
8922,2002,Intentional self-harm (suicide) (*U03 X60-X84 Y87.0),Suicide,Mississippi,343,12.2
8923,2001,Intentional self-harm (suicide) (*U03 X60-X84 Y87.0),Suicide,Mississippi,328,11.7
8924,2000,Intentional self-harm (suicide) (*U03 X60-X84 Y87.0),Suicide,Mississippi,294,10.5
8925,1999,Intentional self-harm (suicide) (*U03 X60-X84 Y87.0),Suicide,Mississippi,304,11
8926,2016,Intentional self-harm (suicide) (*U03 X60-X84 Y87.0),Suicide,Missouri,1133,18.4
8927,2015,Intentional self-harm (suicide) (*U03 X60-X84 Y87.0),Suicide,Missouri,1052,17.1
8928,2014,Intentional self-harm (suicide) (*U03 X60-X84 Y87.0),Suicide,Missouri,1017,16.3
8929,2013,Intentional self-harm (suicide) (*U03 X60-X84 Y87.0),Suicide,Missouri,960,15.6
8930,2012,Intentional self-harm (suicide) (*U03 X60-X84 Y87.0),Suicide,Missouri,914,14.9
8931,2011,Intentional self-harm (suicide) (*U03 X60-X84 Y87.0),Suicide,Missouri,933,15.3
8932,2010,Intentional self-harm (suicide) (*U03 X60-X84 Y87.0),Suicide,Missouri,856,14
8933,2009,Intentional self-harm (suicide) (*U03 X60-X84 Y87.0),Suicide,Missouri,860,14.3
8934,2008,Intentional self-harm (suicide) (*U03 X60-X84 Y87.0),Suicide,Missouri,779,13
8935,2007,Intentional self-harm (suicide) (*U03 X60-X84 Y87.0),Suicide,Missouri,808,13.5
8936,2006,Intentional self-harm (suicide) (*U03 X60-X84 Y87.0),Suicide,Missouri,799,13.5
8937,2005,Intentional self-harm (suicide) (*U03 X60-X84 Y87.0),Suicide,Missouri,727,12.5
8938,2004,Intentional self-harm (suicide) (*U03 X60-X84 Y87.0),Suicide,Missouri,715,12.4
8939,2003,Intentional self-harm (suicide) (*U03 X60-X84 Y87.0),Suicide,Missouri,679,11.8
8940,2002,Intentional self-harm (suicide) (*U03 X60-X84 Y87.0),Suicide,Missouri,693,12.1
8941,2001,Intentional self-harm (suicide) (*U03 X60-X84 Y87.0),Suicide,Missouri,725,12.8
8942,2000,Intentional self-harm (suicide) (*U03 X60-X84 Y87.0),Suicide,Missouri,699,12.5
8943,1999,Intentional self-harm (suicide) (*U03 X60-X84 Y87.0),Suicide,Missouri,700,12.6
8944,2016,Intentional self-harm (suicide) (*U03 X60-X84 Y87.0),Suicide,Montana,267,25.9
8945,2015,Intentional self-harm (suicide) (*U03 X60-X84 Y87.0),Suicide,Montana,272,25.3
8946,2014,Intentional self-harm (suicide) (*U03 X60-X84 Y87.0),Suicide,Montana,251,23.9
8947,2013,Intentional self-harm (suicide) (*U03 X60-X84 Y87.0),Suicide,Montana,243,23.7
8948,2012,Intentional self-harm (suicide) (*U03 X60-X84 Y87.0),Suicide,Montana,233,22.6
8949,2011,Intentional self-harm (suicide) (*U03 X60-X84 Y87.0),Suicide,Montana,232,22.5
8950,2010,Intentional self-harm (suicide) (*U03 X60-X84 Y87.0),Suicide,Montana,227,21.8
8951,2009,Intentional self-harm (suicide) (*U03 X60-X84 Y87.0),Suicide,Montana,219,21.2
8952,2008,Intentional self-harm (suicide) (*U03 X60-X84 Y87.0),Suicide,Montana,203,20.6
8953,2007,Intentional self-harm (suicide) (*U03 X60-X84 Y87.0),Suicide,Montana,196,19.4
8954,2006,Intentional self-harm (suicide) (*U03 X60-X84 Y87.0),Suicide,Montana,189,19.7
8955,2005,Intentional self-harm (suicide) (*U03 X60-X84 Y87.0),Suicide,Montana,206,21.7
8956,2004,Intentional self-harm (suicide) (*U03 X60-X84 Y87.0),Suicide,Montana,175,18.8
8957,2003,Intentional self-harm (suicide) (*U03 X60-X84 Y87.0),Suicide,Montana,180,19.5
8958,2002,Intentional self-harm (suicide) (*U03 X60-X84 Y87.0),Suicide,Montana,184,20
8959,2001,Intentional self-harm (suicide) (*U03 X60-X84 Y87.0),Suicide,Montana,175,19.3
8960,2000,Intentional self-harm (suicide) (*U03 X60-X84 Y87.0),Suicide,Montana,158,17.5
8961,1999,Intentional self-harm (suicide) (*U03 X60-X84 Y87.0),Suicide,Montana,162,17.7
8962,2016,Intentional self-harm (suicide) (*U03 X60-X84 Y87.0),Suicide,Nebraska,246,13.1
8963,2015,Intentional self-harm (suicide) (*U03 X60-X84 Y87.0),Suicide,Nebraska,223,11.7
8964,2014,Intentional self-harm (suicide) (*U03 X60-X84 Y87.0),Suicide,Nebraska,251,13.4
8965,2013,Intentional self-harm (suicide) (*U03 X60-X84 Y87.0),Suicide,Nebraska,220,11.6
8966,2012,Intentional self-harm (suicide) (*U03 X60-X84 Y87.0),Suicide,Nebraska,232,12.5
8967,2011,Intentional self-harm (suicide) (*U03 X60-X84 Y87.0),Suicide,Nebraska,193,10.5
8968,2010,Intentional self-harm (suicide) (*U03 X60-X84 Y87.0),Suicide,Nebraska,193,10.4
8969,2009,Intentional self-harm (suicide) (*U03 X60-X84 Y87.0),Suicide,Nebraska,170,9.3
8970,2008,Intentional self-harm (suicide) (*U03 X60-X84 Y87.0),Suicide,Nebraska,191,10.6
8971,2007,Intentional self-harm (suicide) (*U03 X60-X84 Y87.0),Suicide,Nebraska,181,10.1
8972,2006,Intentional self-harm (suicide) (*U03 X60-X84 Y87.0),Suicide,Nebraska,202,11.2
8973,2005,Intentional self-harm (suicide) (*U03 X60-X84 Y87.0),Suicide,Nebraska,187,10.9
8974,2004,Intentional self-harm (suicide) (*U03 X60-X84 Y87.0),Suicide,Nebraska,166,9.5
8975,2003,Intentional self-harm (suicide) (*U03 X60-X84 Y87.0),Suicide,Nebraska,176,10.2
8976,2002,Intentional self-harm (suicide) (*U03 X60-X84 Y87.0),Suicide,Nebraska,201,11.8
8977,2001,Intentional self-harm (suicide) (*U03 X60-X84 Y87.0),Suicide,Nebraska,187,10.9
8978,2000,Intentional self-harm (suicide) (*U03 X60-X84 Y87.0),Suicide,Nebraska,193,11.3
8979,1999,Intentional self-harm (suicide) (*U03 X60-X84 Y87.0),Suicide,Nebraska,177,10.5
8980,2016,Intentional self-harm (suicide) (*U03 X60-X84 Y87.0),Suicide,Nevada,650,21.4
8981,2015,Intentional self-harm (suicide) (*U03 X60-X84 Y87.0),Suicide,Nevada,558,18.4
8982,2014,Intentional self-harm (suicide) (*U03 X60-X84 Y87.0),Suicide,Nevada,573,19.6
8983,2013,Intentional self-harm (suicide) (*U03 X60-X84 Y87.0),Suicide,Nevada,541,18.6
8984,2012,Intentional self-harm (suicide) (*U03 X60-X84 Y87.0),Suicide,Nevada,524,18.2
8985,2011,Intentional self-harm (suicide) (*U03 X60-X84 Y87.0),Suicide,Nevada,516,18.4
8986,2010,Intentional self-harm (suicide) (*U03 X60-X84 Y87.0),Suicide,Nevada,547,19.8
8987,2009,Intentional self-harm (suicide) (*U03 X60-X84 Y87.0),Suicide,Nevada,505,18.7
8988,2008,Intentional self-harm (suicide) (*U03 X60-X84 Y87.0),Suicide,Nevada,528,19.7
8989,2007,Intentional self-harm (suicide) (*U03 X60-X84 Y87.0),Suicide,Nevada,471,18
8990,2006,Intentional self-harm (suicide) (*U03 X60-X84 Y87.0),Suicide,Nevada,486,19.3
8991,2005,Intentional self-harm (suicide) (*U03 X60-X84 Y87.0),Suicide,Nevada,480,19.8
8992,2004,Intentional self-harm (suicide) (*U03 X60-X84 Y87.0),Suicide,Nevada,440,18.9
8993,2003,Intentional self-harm (suicide) (*U03 X60-X84 Y87.0),Suicide,Nevada,434,19.9
8994,2002,Intentional self-harm (suicide) (*U03 X60-X84 Y87.0),Suicide,Nevada,423,19.7
8995,2001,Intentional self-harm (suicide) (*U03 X60-X84 Y87.0),Suicide,Nevada,387,18.7
8996,2000,Intentional self-harm (suicide) (*U03 X60-X84 Y87.0),Suicide,Nevada,400,20.2
8997,1999,Intentional self-harm (suicide) (*U03 X60-X84 Y87.0),Suicide,Nevada,404,21.3
8998,2016,Intentional self-harm (suicide) (*U03 X60-X84 Y87.0),Suicide,New Hampshire,244,17.2
8999,2015,Intentional self-harm (suicide) (*U03 X60-X84 Y87.0),Suicide,New Hampshire,228,16.5
9000,2014,Intentional self-harm (suicide) (*U03 X60-X84 Y87.0),Suicide,New Hampshire,247,17.8
9001,2013,Intentional self-harm (suicide) (*U03 X60-X84 Y87.0),Suicide,New Hampshire,185,12.8
9002,2012,Intentional self-harm (suicide) (*U03 X60-X84 Y87.0),Suicide,New Hampshire,202,14.1
9003,2011,Intentional self-harm (suicide) (*U03 X60-X84 Y87.0),Suicide,New Hampshire,198,13.8
9004,2010,Intentional self-harm (suicide) (*U03 X60-X84 Y87.0),Suicide,New Hampshire,196,14.1
9005,2009,Intentional self-harm (suicide) (*U03 X60-X84 Y87.0),Suicide,New Hampshire,166,11.9
9006,2008,Intentional self-harm (suicide) (*U03 X60-X84 Y87.0),Suicide,New Hampshire,179,13.1
9007,2007,Intentional self-harm (suicide) (*U03 X60-X84 Y87.0),Suicide,New Hampshire,158,11.2
9008,2006,Intentional self-harm (suicide) (*U03 X60-X84 Y87.0),Suicide,New Hampshire,151,11.2
9009,2005,Intentional self-harm (suicide) (*U03 X60-X84 Y87.0),Suicide,New Hampshire,162,12
9010,2004,Intentional self-harm (suicide) (*U03 X60-X84 Y87.0),Suicide,New Hampshire,133,9.9
9011,2003,Intentional self-harm (suicide) (*U03 X60-X84 Y87.0),Suicide,New Hampshire,158,12
9012,2002,Intentional self-harm (suicide) (*U03 X60-X84 Y87.0),Suicide,New Hampshire,132,10.3
9013,2001,Intentional self-harm (suicide) (*U03 X60-X84 Y87.0),Suicide,New Hampshire,167,13.2
9014,2000,Intentional self-harm (suicide) (*U03 X60-X84 Y87.0),Suicide,New Hampshire,131,10.3
9015,1999,Intentional self-harm (suicide) (*U03 X60-X84 Y87.0),Suicide,New Hampshire,137,11.2
9016,2016,Intentional self-harm (suicide) (*U03 X60-X84 Y87.0),Suicide,New Jersey,687,7.2
9017,2015,Intentional self-harm (suicide) (*U03 X60-X84 Y87.0),Suicide,New Jersey,789,8.3
9018,2014,Intentional self-harm (suicide) (*U03 X60-X84 Y87.0),Suicide,New Jersey,786,8.3
9019,2013,Intentional self-harm (suicide) (*U03 X60-X84 Y87.0),Suicide,New Jersey,757,8
9020,2012,Intentional self-harm (suicide) (*U03 X60-X84 Y87.0),Suicide,New Jersey,683,7.4
9021,2011,Intentional self-harm (suicide) (*U03 X60-X84 Y87.0),Suicide,New Jersey,689,7.5
9022,2010,Intentional self-harm (suicide) (*U03 X60-X84 Y87.0),Suicide,New Jersey,719,7.7
9023,2009,Intentional self-harm (suicide) (*U03 X60-X84 Y87.0),Suicide,New Jersey,557,6.2
9024,2008,Intentional self-harm (suicide) (*U03 X60-X84 Y87.0),Suicide,New Jersey,615,6.8
9025,2007,Intentional self-harm (suicide) (*U03 X60-X84 Y87.0),Suicide,New Jersey,596,6.7
9026,2006,Intentional self-harm (suicide) (*U03 X60-X84 Y87.0),Suicide,New Jersey,585,6.5
9027,2005,Intentional self-harm (suicide) (*U03 X60-X84 Y87.0),Suicide,New Jersey,536,6.1
9028,2004,Intentional self-harm (suicide) (*U03 X60-X84 Y87.0),Suicide,New Jersey,597,6.8
9029,2003,Intentional self-harm (suicide) (*U03 X60-X84 Y87.0),Suicide,New Jersey,588,6.7
9030,2002,Intentional self-harm (suicide) (*U03 X60-X84 Y87.0),Suicide,New Jersey,553,6.3
9031,2001,Intentional self-harm (suicide) (*U03 X60-X84 Y87.0),Suicide,New Jersey,588,6.8
9032,2000,Intentional self-harm (suicide) (*U03 X60-X84 Y87.0),Suicide,New Jersey,560,6.6
9033,1999,Intentional self-harm (suicide) (*U03 X60-X84 Y87.0),Suicide,New Jersey,563,6.6
9034,2016,Intentional self-harm (suicide) (*U03 X60-X84 Y87.0),Suicide,New Mexico,471,22.5
9035,2015,Intentional self-harm (suicide) (*U03 X60-X84 Y87.0),Suicide,New Mexico,500,23.7
9036,2014,Intentional self-harm (suicide) (*U03 X60-X84 Y87.0),Suicide,New Mexico,449,21
9037,2013,Intentional self-harm (suicide) (*U03 X60-X84 Y87.0),Suicide,New Mexico,431,20.3
9038,2012,Intentional self-harm (suicide) (*U03 X60-X84 Y87.0),Suicide,New Mexico,442,21.3
9039,2011,Intentional self-harm (suicide) (*U03 X60-X84 Y87.0),Suicide,New Mexico,420,20.3
9040,2010,Intentional self-harm (suicide) (*U03 X60-X84 Y87.0),Suicide,New Mexico,413,20.1
9041,2009,Intentional self-harm (suicide) (*U03 X60-X84 Y87.0),Suicide,New Mexico,376,18.2
9042,2008,Intentional self-harm (suicide) (*U03 X60-X84 Y87.0),Suicide,New Mexico,419,20.9
9043,2007,Intentional self-harm (suicide) (*U03 X60-X84 Y87.0),Suicide,New Mexico,401,20.3
9044,2006,Intentional self-harm (suicide) (*U03 X60-X84 Y87.0),Suicide,New Mexico,352,17.9
9045,2005,Intentional self-harm (suicide) (*U03 X60-X84 Y87.0),Suicide,New Mexico,342,17.8
9046,2004,Intentional self-harm (suicide) (*U03 X60-X84 Y87.0),Suicide,New Mexico,356,18.8
9047,2003,Intentional self-harm (suicide) (*U03 X60-X84 Y87.0),Suicide,New Mexico,343,18.6
9048,2002,Intentional self-harm (suicide) (*U03 X60-X84 Y87.0),Suicide,New Mexico,349,19.2
9049,2001,Intentional self-harm (suicide) (*U03 X60-X84 Y87.0),Suicide,New Mexico,362,20.3
9050,2000,Intentional self-harm (suicide) (*U03 X60-X84 Y87.0),Suicide,New Mexico,327,18.3
9051,1999,Intentional self-harm (suicide) (*U03 X60-X84 Y87.0),Suicide,New Mexico,318,18.1
9052,2016,Intentional self-harm (suicide) (*U03 X60-X84 Y87.0),Suicide,New York,1679,8.1
9053,2015,Intentional self-harm (suicide) (*U03 X60-X84 Y87.0),Suicide,New York,1652,7.8
9054,2014,Intentional self-harm (suicide) (*U03 X60-X84 Y87.0),Suicide,New York,1700,8.1
9055,2013,Intentional self-harm (suicide) (*U03 X60-X84 Y87.0),Suicide,New York,1687,8.1
9056,2012,Intentional self-harm (suicide) (*U03 X60-X84 Y87.0),Suicide,New York,1708,8.3
9057,2011,Intentional self-harm (suicide) (*U03 X60-X84 Y87.0),Suicide,New York,1658,8.2
9058,2010,Intentional self-harm (suicide) (*U03 X60-X84 Y87.0),Suicide,New York,1547,7.7
9059,2009,Intentional self-harm (suicide) (*U03 X60-X84 Y87.0),Suicide,New York,1417,7
9060,2008,Intentional self-harm (suicide) (*U03 X60-X84 Y87.0),Suicide,New York,1409,7.1
9061,2007,Intentional self-harm (suicide) (*U03 X60-X84 Y87.0),Suicide,New York,1396,7.1
9062,2006,Intentional self-harm (suicide) (*U03 X60-X84 Y87.0),Suicide,New York,1326,6.7
9063,2005,Intentional self-harm (suicide) (*U03 X60-X84 Y87.0),Suicide,New York,1189,6
9064,2004,Intentional self-harm (suicide) (*U03 X60-X84 Y87.0),Suicide,New York,1187,6
9065,2003,Intentional self-harm (suicide) (*U03 X60-X84 Y87.0),Suicide,New York,1169,5.9
9066,2002,Intentional self-harm (suicide) (*U03 X60-X84 Y87.0),Suicide,New York,1228,6.3
9067,2001,Intentional self-harm (suicide) (*U03 X60-X84 Y87.0),Suicide,New York,1253,6.5
9068,2000,Intentional self-harm (suicide) (*U03 X60-X84 Y87.0),Suicide,New York,1132,5.9
9069,1999,Intentional self-harm (suicide) (*U03 X60-X84 Y87.0),Suicide,New York,1196,6.3
9070,2016,Intentional self-harm (suicide) (*U03 X60-X84 Y87.0),Suicide,North Carolina,1373,13
9071,2015,Intentional self-harm (suicide) (*U03 X60-X84 Y87.0),Suicide,North Carolina,1406,13.4
9072,2014,Intentional self-harm (suicide) (*U03 X60-X84 Y87.0),Suicide,North Carolina,1352,13.1
9073,2013,Intentional self-harm (suicide) (*U03 X60-X84 Y87.0),Suicide,North Carolina,1284,12.6
9074,2012,Intentional self-harm (suicide) (*U03 X60-X84 Y87.0),Suicide,North Carolina,1286,12.7
9075,2011,Intentional self-harm (suicide) (*U03 X60-X84 Y87.0),Suicide,North Carolina,1213,12.3
9076,2010,Intentional self-harm (suicide) (*U03 X60-X84 Y87.0),Suicide,North Carolina,1174,12
9077,2009,Intentional self-harm (suicide) (*U03 X60-X84 Y87.0),Suicide,North Carolina,1174,12.2
9078,2008,Intentional self-harm (suicide) (*U03 X60-X84 Y87.0),Suicide,North Carolina,1162,12.3
9079,2007,Intentional self-harm (suicide) (*U03 X60-X84 Y87.0),Suicide,North Carolina,1077,11.6
9080,2006,Intentional self-harm (suicide) (*U03 X60-X84 Y87.0),Suicide,North Carolina,1106,12.2
9081,2005,Intentional self-harm (suicide) (*U03 X60-X84 Y87.0),Suicide,North Carolina,1009,11.5
9082,2004,Intentional self-harm (suicide) (*U03 X60-X84 Y87.0),Suicide,North Carolina,1027,11.9
9083,2003,Intentional self-harm (suicide) (*U03 X60-X84 Y87.0),Suicide,North Carolina,955,11.2
9084,2002,Intentional self-harm (suicide) (*U03 X60-X84 Y87.0),Suicide,North Carolina,986,11.8
9085,2001,Intentional self-harm (suicide) (*U03 X60-X84 Y87.0),Suicide,North Carolina,997,12
9086,2000,Intentional self-harm (suicide) (*U03 X60-X84 Y87.0),Suicide,North Carolina,971,12
9087,1999,Intentional self-harm (suicide) (*U03 X60-X84 Y87.0),Suicide,North Carolina,884,11
9088,2016,Intentional self-harm (suicide) (*U03 X60-X84 Y87.0),Suicide,North Dakota,140,19
9089,2015,Intentional self-harm (suicide) (*U03 X60-X84 Y87.0),Suicide,North Dakota,124,17.5
9090,2014,Intentional self-harm (suicide) (*U03 X60-X84 Y87.0),Suicide,North Dakota,137,17.8
9091,2013,Intentional self-harm (suicide) (*U03 X60-X84 Y87.0),Suicide,North Dakota,128,17.3
9092,2012,Intentional self-harm (suicide) (*U03 X60-X84 Y87.0),Suicide,North Dakota,105,15.2
9093,2011,Intentional self-harm (suicide) (*U03 X60-X84 Y87.0),Suicide,North Dakota,106,14.9
9094,2010,Intentional self-harm (suicide) (*U03 X60-X84 Y87.0),Suicide,North Dakota,106,15.6
9095,2009,Intentional self-harm (suicide) (*U03 X60-X84 Y87.0),Suicide,North Dakota,90,13.9
9096,2008,Intentional self-harm (suicide) (*U03 X60-X84 Y87.0),Suicide,North Dakota,86,13.1
9097,2007,Intentional self-harm (suicide) (*U03 X60-X84 Y87.0),Suicide,North Dakota,95,14.2
9098,2006,Intentional self-harm (suicide) (*U03 X60-X84 Y87.0),Suicide,North Dakota,90,13.3
9099,2005,Intentional self-harm (suicide) (*U03 X60-X84 Y87.0),Suicide,North Dakota,92,13.7
9100,2004,Intentional self-harm (suicide) (*U03 X60-X84 Y87.0),Suicide,North Dakota,73,11.1
9101,2003,Intentional self-harm (suicide) (*U03 X60-X84 Y87.0),Suicide,North Dakota,81,12.3
9102,2002,Intentional self-harm (suicide) (*U03 X60-X84 Y87.0),Suicide,North Dakota,91,14.3
9103,2001,Intentional self-harm (suicide) (*U03 X60-X84 Y87.0),Suicide,North Dakota,79,12.7
9104,2000,Intentional self-harm (suicide) (*U03 X60-X84 Y87.0),Suicide,North Dakota,68,10.4
9105,1999,Intentional self-harm (suicide) (*U03 X60-X84 Y87.0),Suicide,North Dakota,73,11.1
9106,2016,Intentional self-harm (suicide) (*U03 X60-X84 Y87.0),Suicide,Ohio,1707,14.2
9107,2015,Intentional self-harm (suicide) (*U03 X60-X84 Y87.0),Suicide,Ohio,1650,13.9
9108,2014,Intentional self-harm (suicide) (*U03 X60-X84 Y87.0),Suicide,Ohio,1491,12.6
9109,2013,Intentional self-harm (suicide) (*U03 X60-X84 Y87.0),Suicide,Ohio,1526,12.9
9110,2012,Intentional self-harm (suicide) (*U03 X60-X84 Y87.0),Suicide,Ohio,1542,13
9111,2011,Intentional self-harm (suicide) (*U03 X60-X84 Y87.0),Suicide,Ohio,1465,12.3
9112,2010,Intentional self-harm (suicide) (*U03 X60-X84 Y87.0),Suicide,Ohio,1439,12.2
9113,2009,Intentional self-harm (suicide) (*U03 X60-X84 Y87.0),Suicide,Ohio,1176,10
9114,2008,Intentional self-harm (suicide) (*U03 X60-X84 Y87.0),Suicide,Ohio,1412,12.2
9115,2007,Intentional self-harm (suicide) (*U03 X60-X84 Y87.0),Suicide,Ohio,1295,11.1
9116,2006,Intentional self-harm (suicide) (*U03 X60-X84 Y87.0),Suicide,Ohio,1325,11.3
9117,2005,Intentional self-harm (suicide) (*U03 X60-X84 Y87.0),Suicide,Ohio,1341,11.5
9118,2004,Intentional self-harm (suicide) (*U03 X60-X84 Y87.0),Suicide,Ohio,1319,11.4
9119,2003,Intentional self-harm (suicide) (*U03 X60-X84 Y87.0),Suicide,Ohio,1074,9.3
9120,2002,Intentional self-harm (suicide) (*U03 X60-X84 Y87.0),Suicide,Ohio,1287,11.2
9121,2001,Intentional self-harm (suicide) (*U03 X60-X84 Y87.0),Suicide,Ohio,1219,10.6
9122,2000,Intentional self-harm (suicide) (*U03 X60-X84 Y87.0),Suicide,Ohio,1088,9.5
9123,1999,Intentional self-harm (suicide) (*U03 X60-X84 Y87.0),Suicide,Ohio,1102,9.7
9124,2016,Intentional self-harm (suicide) (*U03 X60-X84 Y87.0),Suicide,Oklahoma,822,21
9125,2015,Intentional self-harm (suicide) (*U03 X60-X84 Y87.0),Suicide,Oklahoma,790,20.3
9126,2014,Intentional self-harm (suicide) (*U03 X60-X84 Y87.0),Suicide,Oklahoma,736,19.1
9127,2013,Intentional self-harm (suicide) (*U03 X60-X84 Y87.0),Suicide,Oklahoma,665,17.2
9128,2012,Intentional self-harm (suicide) (*U03 X60-X84 Y87.0),Suicide,Oklahoma,670,17.6
9129,2011,Intentional self-harm (suicide) (*U03 X60-X84 Y87.0),Suicide,Oklahoma,693,18.5
9130,2010,Intentional self-harm (suicide) (*U03 X60-X84 Y87.0),Suicide,Oklahoma,618,16.5
9131,2009,Intentional self-harm (suicide) (*U03 X60-X84 Y87.0),Suicide,Oklahoma,567,15.3
9132,2008,Intentional self-harm (suicide) (*U03 X60-X84 Y87.0),Suicide,Oklahoma,575,15.7
9133,2007,Intentional self-harm (suicide) (*U03 X60-X84 Y87.0),Suicide,Oklahoma,531,14.7
9134,2006,Intentional self-harm (suicide) (*U03 X60-X84 Y87.0),Suicide,Oklahoma,537,15
9135,2005,Intentional self-harm (suicide) (*U03 X60-X84 Y87.0),Suicide,Oklahoma,522,14.8
9136,2004,Intentional self-harm (suicide) (*U03 X60-X84 Y87.0),Suicide,Oklahoma,506,14.4
9137,2003,Intentional self-harm (suicide) (*U03 X60-X84 Y87.0),Suicide,Oklahoma,476,13.7
9138,2002,Intentional self-harm (suicide) (*U03 X60-X84 Y87.0),Suicide,Oklahoma,501,14.4
9139,2001,Intentional self-harm (suicide) (*U03 X60-X84 Y87.0),Suicide,Oklahoma,515,14.9
9140,2000,Intentional self-harm (suicide) (*U03 X60-X84 Y87.0),Suicide,Oklahoma,497,14.6
9141,1999,Intentional self-harm (suicide) (*U03 X60-X84 Y87.0),Suicide,Oklahoma,492,14.4
9142,2016,Intentional self-harm (suicide) (*U03 X60-X84 Y87.0),Suicide,Oregon,772,17.8
9143,2015,Intentional self-harm (suicide) (*U03 X60-X84 Y87.0),Suicide,Oregon,762,17.8
9144,2014,Intentional self-harm (suicide) (*U03 X60-X84 Y87.0),Suicide,Oregon,782,18.6
9145,2013,Intentional self-harm (suicide) (*U03 X60-X84 Y87.0),Suicide,Oregon,698,16.8
9146,2012,Intentional self-harm (suicide) (*U03 X60-X84 Y87.0),Suicide,Oregon,724,17.8
9147,2011,Intentional self-harm (suicide) (*U03 X60-X84 Y87.0),Suicide,Oregon,656,16.6
9148,2010,Intentional self-harm (suicide) (*U03 X60-X84 Y87.0),Suicide,Oregon,685,17.1
9149,2009,Intentional self-harm (suicide) (*U03 X60-X84 Y87.0),Suicide,Oregon,644,16.2
9150,2008,Intentional self-harm (suicide) (*U03 X60-X84 Y87.0),Suicide,Oregon,572,14.5
9151,2007,Intentional self-harm (suicide) (*U03 X60-X84 Y87.0),Suicide,Oregon,594,15.3
9152,2006,Intentional self-harm (suicide) (*U03 X60-X84 Y87.0),Suicide,Oregon,579,15.3
9153,2005,Intentional self-harm (suicide) (*U03 X60-X84 Y87.0),Suicide,Oregon,560,14.9
9154,2004,Intentional self-harm (suicide) (*U03 X60-X84 Y87.0),Suicide,Oregon,555,15.1
9155,2003,Intentional self-harm (suicide) (*U03 X60-X84 Y87.0),Suicide,Oregon,592,16.2
9156,2002,Intentional self-harm (suicide) (*U03 X60-X84 Y87.0),Suicide,Oregon,518,14.4
9157,2001,Intentional self-harm (suicide) (*U03 X60-X84 Y87.0),Suicide,Oregon,505,14.4
9158,2000,Intentional self-harm (suicide) (*U03 X60-X84 Y87.0),Suicide,Oregon,493,14.1
9159,1999,Intentional self-harm (suicide) (*U03 X60-X84 Y87.0),Suicide,Oregon,478,13.9
9160,2016,Intentional self-harm (suicide) (*U03 X60-X84 Y87.0),Suicide,Pennsylvania,1970,14.7
9161,2015,Intentional self-harm (suicide) (*U03 X60-X84 Y87.0),Suicide,Pennsylvania,1894,14
9162,2014,Intentional self-harm (suicide) (*U03 X60-X84 Y87.0),Suicide,Pennsylvania,1817,13.3
9163,2013,Intentional self-harm (suicide) (*U03 X60-X84 Y87.0),Suicide,Pennsylvania,1788,13.4
9164,2012,Intentional self-harm (suicide) (*U03 X60-X84 Y87.0),Suicide,Pennsylvania,1647,12.4
9165,2011,Intentional self-harm (suicide) (*U03 X60-X84 Y87.0),Suicide,Pennsylvania,1747,13.2
9166,2010,Intentional self-harm (suicide) (*U03 X60-X84 Y87.0),Suicide,Pennsylvania,1576,11.9
9167,2009,Intentional self-harm (suicide) (*U03 X60-X84 Y87.0),Suicide,Pennsylvania,1631,12.2
9168,2008,Intentional self-harm (suicide) (*U03 X60-X84 Y87.0),Suicide,Pennsylvania,1539,11.8
9169,2007,Intentional self-harm (suicide) (*U03 X60-X84 Y87.0),Suicide,Pennsylvania,1441,11.1
9170,2006,Intentional self-harm (suicide) (*U03 X60-X84 Y87.0),Suicide,Pennsylvania,1396,10.8
9171,2005,Intentional self-harm (suicide) (*U03 X60-X84 Y87.0),Suicide,Pennsylvania,1430,11.1
9172,2004,Intentional self-harm (suicide) (*U03 X60-X84 Y87.0),Suicide,Pennsylvania,1410,11.1
9173,2003,Intentional self-harm (suicide) (*U03 X60-X84 Y87.0),Suicide,Pennsylvania,1340,10.6
9174,2002,Intentional self-harm (suicide) (*U03 X60-X84 Y87.0),Suicide,Pennsylvania,1341,10.7
9175,2001,Intentional self-harm (suicide) (*U03 X60-X84 Y87.0),Suicide,Pennsylvania,1276,10.2
9176,2000,Intentional self-harm (suicide) (*U03 X60-X84 Y87.0),Suicide,Pennsylvania,1356,10.8
9177,1999,Intentional self-harm (suicide) (*U03 X60-X84 Y87.0),Suicide,Pennsylvania,1284,10.3
9178,2016,Intentional self-harm (suicide) (*U03 X60-X84 Y87.0),Suicide,Rhode Island,126,11.2
9179,2015,Intentional self-harm (suicide) (*U03 X60-X84 Y87.0),Suicide,Rhode Island,127,11.2
9180,2014,Intentional self-harm (suicide) (*U03 X60-X84 Y87.0),Suicide,Rhode Island,113,10.1
9181,2013,Intentional self-harm (suicide) (*U03 X60-X84 Y87.0),Suicide,Rhode Island,132,12.2
9182,2012,Intentional self-harm (suicide) (*U03 X60-X84 Y87.0),Suicide,Rhode Island,105,9.5
9183,2011,Intentional self-harm (suicide) (*U03 X60-X84 Y87.0),Suicide,Rhode Island,101,8.9
9184,2010,Intentional self-harm (suicide) (*U03 X60-X84 Y87.0),Suicide,Rhode Island,129,12.3
9185,2009,Intentional self-harm (suicide) (*U03 X60-X84 Y87.0),Suicide,Rhode Island,118,10.8
9186,2008,Intentional self-harm (suicide) (*U03 X60-X84 Y87.0),Suicide,Rhode Island,110,9.9
9187,2007,Intentional self-harm (suicide) (*U03 X60-X84 Y87.0),Suicide,Rhode Island,96,8.8
9188,2006,Intentional self-harm (suicide) (*U03 X60-X84 Y87.0),Suicide,Rhode Island,90,8.2
9189,2005,Intentional self-harm (suicide) (*U03 X60-X84 Y87.0),Suicide,Rhode Island,71,6.3
9190,2004,Intentional self-harm (suicide) (*U03 X60-X84 Y87.0),Suicide,Rhode Island,85,7.6
9191,2003,Intentional self-harm (suicide) (*U03 X60-X84 Y87.0),Suicide,Rhode Island,84,7.7
9192,2002,Intentional self-harm (suicide) (*U03 X60-X84 Y87.0),Suicide,Rhode Island,86,7.9
9193,2001,Intentional self-harm (suicide) (*U03 X60-X84 Y87.0),Suicide,Rhode Island,88,8.1
9194,2000,Intentional self-harm (suicide) (*U03 X60-X84 Y87.0),Suicide,Rhode Island,75,7.1
9195,1999,Intentional self-harm (suicide) (*U03 X60-X84 Y87.0),Suicide,Rhode Island,96,9.1
9196,2016,Intentional self-harm (suicide) (*U03 X60-X84 Y87.0),Suicide,South Carolina,815,15.7
9197,2015,Intentional self-harm (suicide) (*U03 X60-X84 Y87.0),Suicide,South Carolina,742,14.8
9198,2014,Intentional self-harm (suicide) (*U03 X60-X84 Y87.0),Suicide,South Carolina,753,15.2
9199,2013,Intentional self-harm (suicide) (*U03 X60-X84 Y87.0),Suicide,South Carolina,696,14
9200,2012,Intentional self-harm (suicide) (*U03 X60-X84 Y87.0),Suicide,South Carolina,673,13.7
9201,2011,Intentional self-harm (suicide) (*U03 X60-X84 Y87.0),Suicide,South Carolina,658,13.6
9202,2010,Intentional self-harm (suicide) (*U03 X60-X84 Y87.0),Suicide,South Carolina,637,13.5
9203,2009,Intentional self-harm (suicide) (*U03 X60-X84 Y87.0),Suicide,South Carolina,619,13
9204,2008,Intentional self-harm (suicide) (*U03 X60-X84 Y87.0),Suicide,South Carolina,565,12
9205,2007,Intentional self-harm (suicide) (*U03 X60-X84 Y87.0),Suicide,South Carolina,530,11.6
9206,2006,Intentional self-harm (suicide) (*U03 X60-X84 Y87.0),Suicide,South Carolina,524,11.8
9207,2005,Intentional self-harm (suicide) (*U03 X60-X84 Y87.0),Suicide,South Carolina,510,11.8
9208,2004,Intentional self-harm (suicide) (*U03 X60-X84 Y87.0),Suicide,South Carolina,482,11.3
9209,2003,Intentional self-harm (suicide) (*U03 X60-X84 Y87.0),Suicide,South Carolina,476,11.5
9210,2002,Intentional self-harm (suicide) (*U03 X60-X84 Y87.0),Suicide,South Carolina,440,10.8
9211,2001,Intentional self-harm (suicide) (*U03 X60-X84 Y87.0),Suicide,South Carolina,467,11.4
9212,2000,Intentional self-harm (suicide) (*U03 X60-X84 Y87.0),Suicide,South Carolina,443,11.1
9213,1999,Intentional self-harm (suicide) (*U03 X60-X84 Y87.0),Suicide,South Carolina,418,10.5
9214,2016,Intentional self-harm (suicide) (*U03 X60-X84 Y87.0),Suicide,South Dakota,163,20.2
9215,2015,Intentional self-harm (suicide) (*U03 X60-X84 Y87.0),Suicide,South Dakota,173,20.4
9216,2014,Intentional self-harm (suicide) (*U03 X60-X84 Y87.0),Suicide,South Dakota,141,17.1
9217,2013,Intentional self-harm (suicide) (*U03 X60-X84 Y87.0),Suicide,South Dakota,147,18
9218,2012,Intentional self-harm (suicide) (*U03 X60-X84 Y87.0),Suicide,South Dakota,141,16.8
9219,2011,Intentional self-harm (suicide) (*U03 X60-X84 Y87.0),Suicide,South Dakota,128,15.7
9220,2010,Intentional self-harm (suicide) (*U03 X60-X84 Y87.0),Suicide,South Dakota,140,17.5
9221,2009,Intentional self-harm (suicide) (*U03 X60-X84 Y87.0),Suicide,South Dakota,129,16.3
9222,2008,Intentional self-harm (suicide) (*U03 X60-X84 Y87.0),Suicide,South Dakota,124,15.7
9223,2007,Intentional self-harm (suicide) (*U03 X60-X84 Y87.0),Suicide,South Dakota,102,12.5
9224,2006,Intentional self-harm (suicide) (*U03 X60-X84 Y87.0),Suicide,South Dakota,125,16
9225,2005,Intentional self-harm (suicide) (*U03 X60-X84 Y87.0),Suicide,South Dakota,121,15.4
9226,2004,Intentional self-harm (suicide) (*U03 X60-X84 Y87.0),Suicide,South Dakota,112,14.8
9227,2003,Intentional self-harm (suicide) (*U03 X60-X84 Y87.0),Suicide,South Dakota,102,13.5
9228,2002,Intentional self-harm (suicide) (*U03 X60-X84 Y87.0),Suicide,South Dakota,94,12.3
9229,2001,Intentional self-harm (suicide) (*U03 X60-X84 Y87.0),Suicide,South Dakota,105,14
9230,2000,Intentional self-harm (suicide) (*U03 X60-X84 Y87.0),Suicide,South Dakota,95,12.7
9231,1999,Intentional self-harm (suicide) (*U03 X60-X84 Y87.0),Suicide,South Dakota,103,13.7
9232,2016,Intentional self-harm (suicide) (*U03 X60-X84 Y87.0),Suicide,Tennessee,1111,16.3
9233,2015,Intentional self-harm (suicide) (*U03 X60-X84 Y87.0),Suicide,Tennessee,1068,15.7
9234,2014,Intentional self-harm (suicide) (*U03 X60-X84 Y87.0),Suicide,Tennessee,997,14.8
9235,2013,Intentional self-harm (suicide) (*U03 X60-X84 Y87.0),Suicide,Tennessee,1030,15.4
9236,2012,Intentional self-harm (suicide) (*U03 X60-X84 Y87.0),Suicide,Tennessee,978,14.6
9237,2011,Intentional self-harm (suicide) (*U03 X60-X84 Y87.0),Suicide,Tennessee,955,14.4
9238,2010,Intentional self-harm (suicide) (*U03 X60-X84 Y87.0),Suicide,Tennessee,943,14.6
9239,2009,Intentional self-harm (suicide) (*U03 X60-X84 Y87.0),Suicide,Tennessee,947,14.6
9240,2008,Intentional self-harm (suicide) (*U03 X60-X84 Y87.0),Suicide,Tennessee,973,15.1
9241,2007,Intentional self-harm (suicide) (*U03 X60-X84 Y87.0),Suicide,Tennessee,844,13.4
9242,2006,Intentional self-harm (suicide) (*U03 X60-X84 Y87.0),Suicide,Tennessee,874,14.1
9243,2005,Intentional self-harm (suicide) (*U03 X60-X84 Y87.0),Suicide,Tennessee,856,14
9244,2004,Intentional self-harm (suicide) (*U03 X60-X84 Y87.0),Suicide,Tennessee,792,13.2
9245,2003,Intentional self-harm (suicide) (*U03 X60-X84 Y87.0),Suicide,Tennessee,762,12.9
9246,2002,Intentional self-harm (suicide) (*U03 X60-X84 Y87.0),Suicide,Tennessee,778,13.3
9247,2001,Intentional self-harm (suicide) (*U03 X60-X84 Y87.0),Suicide,Tennessee,711,12.2
9248,2000,Intentional self-harm (suicide) (*U03 X60-X84 Y87.0),Suicide,Tennessee,730,12.7
9249,1999,Intentional self-harm (suicide) (*U03 X60-X84 Y87.0),Suicide,Tennessee,726,12.7
9250,2016,Intentional self-harm (suicide) (*U03 X60-X84 Y87.0),Suicide,Texas,3488,12.6
9251,2015,Intentional self-harm (suicide) (*U03 X60-X84 Y87.0),Suicide,Texas,3403,12.5
9252,2014,Intentional self-harm (suicide) (*U03 X60-X84 Y87.0),Suicide,Texas,3254,12.2
9253,2013,Intentional self-harm (suicide) (*U03 X60-X84 Y87.0),Suicide,Texas,3059,11.7
9254,2012,Intentional self-harm (suicide) (*U03 X60-X84 Y87.0),Suicide,Texas,3037,11.9
9255,2011,Intentional self-harm (suicide) (*U03 X60-X84 Y87.0),Suicide,Texas,2896,11.5
9256,2010,Intentional self-harm (suicide) (*U03 X60-X84 Y87.0),Suicide,Texas,2891,11.8
9257,2009,Intentional self-harm (suicide) (*U03 X60-X84 Y87.0),Suicide,Texas,2809,11.6
9258,2008,Intentional self-harm (suicide) (*U03 X60-X84 Y87.0),Suicide,Texas,2552,10.8
9259,2007,Intentional self-harm (suicide) (*U03 X60-X84 Y87.0),Suicide,Texas,2433,10.5
9260,2006,Intentional self-harm (suicide) (*U03 X60-X84 Y87.0),Suicide,Texas,2347,10.3
9261,2005,Intentional self-harm (suicide) (*U03 X60-X84 Y87.0),Suicide,Texas,2418,10.9
9262,2004,Intentional self-harm (suicide) (*U03 X60-X84 Y87.0),Suicide,Texas,2300,10.7
9263,2003,Intentional self-harm (suicide) (*U03 X60-X84 Y87.0),Suicide,Texas,2363,11.1
9264,2002,Intentional self-harm (suicide) (*U03 X60-X84 Y87.0),Suicide,Texas,2311,11.1
9265,2001,Intentional self-harm (suicide) (*U03 X60-X84 Y87.0),Suicide,Texas,2225,10.9
9266,2000,Intentional self-harm (suicide) (*U03 X60-X84 Y87.0),Suicide,Texas,2053,10.2
9267,1999,Intentional self-harm (suicide) (*U03 X60-X84 Y87.0),Suicide,Texas,2005,10.2
9268,2016,Intentional self-harm (suicide) (*U03 X60-X84 Y87.0),Suicide,United States,44965,13.5
9269,2015,Intentional self-harm (suicide) (*U03 X60-X84 Y87.0),Suicide,United States,44193,13.3
9270,2014,Intentional self-harm (suicide) (*U03 X60-X84 Y87.0),Suicide,United States,42826,13
9271,2013,Intentional self-harm (suicide) (*U03 X60-X84 Y87.0),Suicide,United States,41149,12.6
9272,2012,Intentional self-harm (suicide) (*U03 X60-X84 Y87.0),Suicide,United States,40600,12.6
9273,2011,Intentional self-harm (suicide) (*U03 X60-X84 Y87.0),Suicide,United States,39518,12.3
9274,2010,Intentional self-harm (suicide) (*U03 X60-X84 Y87.0),Suicide,United States,38364,12.1
9275,2009,Intentional self-harm (suicide) (*U03 X60-X84 Y87.0),Suicide,United States,36909,11.8
9276,2008,Intentional self-harm (suicide) (*U03 X60-X84 Y87.0),Suicide,United States,36035,11.6
9277,2007,Intentional self-harm (suicide) (*U03 X60-X84 Y87.0),Suicide,United States,34598,11.3
9278,2006,Intentional self-harm (suicide) (*U03 X60-X84 Y87.0),Suicide,United States,33300,11
9279,2005,Intentional self-harm (suicide) (*U03 X60-X84 Y87.0),Suicide,United States,32637,10.9
9280,2004,Intentional self-harm (suicide) (*U03 X60-X84 Y87.0),Suicide,United States,32439,11
9281,2003,Intentional self-harm (suicide) (*U03 X60-X84 Y87.0),Suicide,United States,31484,10.8
9282,2002,Intentional self-harm (suicide) (*U03 X60-X84 Y87.0),Suicide,United States,31655,11
9283,2001,Intentional self-harm (suicide) (*U03 X60-X84 Y87.0),Suicide,United States,30622,10.7
9284,2000,Intentional self-harm (suicide) (*U03 X60-X84 Y87.0),Suicide,United States,29350,10.4
9285,1999,Intentional self-harm (suicide) (*U03 X60-X84 Y87.0),Suicide,United States,29199,10.5
9286,2016,Intentional self-harm (suicide) (*U03 X60-X84 Y87.0),Suicide,Utah,620,21.8
9287,2015,Intentional self-harm (suicide) (*U03 X60-X84 Y87.0),Suicide,Utah,630,22.4
9288,2014,Intentional self-harm (suicide) (*U03 X60-X84 Y87.0),Suicide,Utah,559,20.5
9289,2013,Intentional self-harm (suicide) (*U03 X60-X84 Y87.0),Suicide,Utah,579,21.4
9290,2012,Intentional self-harm (suicide) (*U03 X60-X84 Y87.0),Suicide,Utah,550,21
9291,2011,Intentional self-harm (suicide) (*U03 X60-X84 Y87.0),Suicide,Utah,502,19.4
9292,2010,Intentional self-harm (suicide) (*U03 X60-X84 Y87.0),Suicide,Utah,473,18.3
9293,2009,Intentional self-harm (suicide) (*U03 X60-X84 Y87.0),Suicide,Utah,449,17.9
9294,2008,Intentional self-harm (suicide) (*U03 X60-X84 Y87.0),Suicide,Utah,390,15.9
9295,2007,Intentional self-harm (suicide) (*U03 X60-X84 Y87.0),Suicide,Utah,378,15.8
9296,2006,Intentional self-harm (suicide) (*U03 X60-X84 Y87.0),Suicide,Utah,362,16
9297,2005,Intentional self-harm (suicide) (*U03 X60-X84 Y87.0),Suicide,Utah,348,15.4
9298,2004,Intentional self-harm (suicide) (*U03 X60-X84 Y87.0),Suicide,Utah,377,17.2
9299,2003,Intentional self-harm (suicide) (*U03 X60-X84 Y87.0),Suicide,Utah,336,15.4
9300,2002,Intentional self-harm (suicide) (*U03 X60-X84 Y87.0),Suicide,Utah,340,16.2
9301,2001,Intentional self-harm (suicide) (*U03 X60-X84 Y87.0),Suicide,Utah,321,15.5
9302,2000,Intentional self-harm (suicide) (*U03 X60-X84 Y87.0),Suicide,Utah,298,14.7
9303,1999,Intentional self-harm (suicide) (*U03 X60-X84 Y87.0),Suicide,Utah,282,14
9304,2016,Intentional self-harm (suicide) (*U03 X60-X84 Y87.0),Suicide,Vermont,118,17.3
9305,2015,Intentional self-harm (suicide) (*U03 X60-X84 Y87.0),Suicide,Vermont,103,14.8
9306,2014,Intentional self-harm (suicide) (*U03 X60-X84 Y87.0),Suicide,Vermont,124,18.7
9307,2013,Intentional self-harm (suicide) (*U03 X60-X84 Y87.0),Suicide,Vermont,112,16.8
9308,2012,Intentional self-harm (suicide) (*U03 X60-X84 Y87.0),Suicide,Vermont,87,13
9309,2011,Intentional self-harm (suicide) (*U03 X60-X84 Y87.0),Suicide,Vermont,120,17.8
9310,2010,Intentional self-harm (suicide) (*U03 X60-X84 Y87.0),Suicide,Vermont,106,15.7
9311,2009,Intentional self-harm (suicide) (*U03 X60-X84 Y87.0),Suicide,Vermont,87,13
9312,2008,Intentional self-harm (suicide) (*U03 X60-X84 Y87.0),Suicide,Vermont,94,14.1
9313,2007,Intentional self-harm (suicide) (*U03 X60-X84 Y87.0),Suicide,Vermont,89,13.9
9314,2006,Intentional self-harm (suicide) (*U03 X60-X84 Y87.0),Suicide,Vermont,81,12.2
9315,2005,Intentional self-harm (suicide) (*U03 X60-X84 Y87.0),Suicide,Vermont,78,12.5
9316,2004,Intentional self-harm (suicide) (*U03 X60-X84 Y87.0),Suicide,Vermont,93,14.5
9317,2003,Intentional self-harm (suicide) (*U03 X60-X84 Y87.0),Suicide,Vermont,83,13
9318,2002,Intentional self-harm (suicide) (*U03 X60-X84 Y87.0),Suicide,Vermont,92,14.3
9319,2001,Intentional self-harm (suicide) (*U03 X60-X84 Y87.0),Suicide,Vermont,72,11.4
9320,2000,Intentional self-harm (suicide) (*U03 X60-X84 Y87.0),Suicide,Vermont,77,12.3
9321,1999,Intentional self-harm (suicide) (*U03 X60-X84 Y87.0),Suicide,Vermont,63,10.3
9322,2016,Intentional self-harm (suicide) (*U03 X60-X84 Y87.0),Suicide,Virginia,1166,13.2
9323,2015,Intentional self-harm (suicide) (*U03 X60-X84 Y87.0),Suicide,Virginia,1118,12.7
9324,2014,Intentional self-harm (suicide) (*U03 X60-X84 Y87.0),Suicide,Virginia,1123,12.9
9325,2013,Intentional self-harm (suicide) (*U03 X60-X84 Y87.0),Suicide,Virginia,1072,12.5
9326,2012,Intentional self-harm (suicide) (*U03 X60-X84 Y87.0),Suicide,Virginia,1063,12.7
9327,2011,Intentional self-harm (suicide) (*U03 X60-X84 Y87.0),Suicide,Virginia,1054,12.6
9328,2010,Intentional self-harm (suicide) (*U03 X60-X84 Y87.0),Suicide,Virginia,963,11.7
9329,2009,Intentional self-harm (suicide) (*U03 X60-X84 Y87.0),Suicide,Virginia,963,11.7
9330,2008,Intentional self-harm (suicide) (*U03 X60-X84 Y87.0),Suicide,Virginia,948,11.8
9331,2007,Intentional self-harm (suicide) (*U03 X60-X84 Y87.0),Suicide,Virginia,880,11.1
9332,2006,Intentional self-harm (suicide) (*U03 X60-X84 Y87.0),Suicide,Virginia,876,11.1
9333,2005,Intentional self-harm (suicide) (*U03 X60-X84 Y87.0),Suicide,Virginia,866,11.2
9334,2004,Intentional self-harm (suicide) (*U03 X60-X84 Y87.0),Suicide,Virginia,828,10.9
9335,2003,Intentional self-harm (suicide) (*U03 X60-X84 Y87.0),Suicide,Virginia,808,10.9
9336,2002,Intentional self-harm (suicide) (*U03 X60-X84 Y87.0),Suicide,Virginia,799,10.9
9337,2001,Intentional self-harm (suicide) (*U03 X60-X84 Y87.0),Suicide,Virginia,797,11
9338,2000,Intentional self-harm (suicide) (*U03 X60-X84 Y87.0),Suicide,Virginia,768,10.8
9339,1999,Intentional self-harm (suicide) (*U03 X60-X84 Y87.0),Suicide,Virginia,791,11.2
9340,2016,Intentional self-harm (suicide) (*U03 X60-X84 Y87.0),Suicide,Washington,1141,14.9
9341,2015,Intentional self-harm (suicide) (*U03 X60-X84 Y87.0),Suicide,Washington,1137,15.4
9342,2014,Intentional self-harm (suicide) (*U03 X60-X84 Y87.0),Suicide,Washington,1119,15.2
9343,2013,Intentional self-harm (suicide) (*U03 X60-X84 Y87.0),Suicide,Washington,1027,14.1
9344,2012,Intentional self-harm (suicide) (*U03 X60-X84 Y87.0),Suicide,Washington,1038,14.5
9345,2011,Intentional self-harm (suicide) (*U03 X60-X84 Y87.0),Suicide,Washington,1021,14.3
9346,2010,Intentional self-harm (suicide) (*U03 X60-X84 Y87.0),Suicide,Washington,957,13.9
9347,2009,Intentional self-harm (suicide) (*U03 X60-X84 Y87.0),Suicide,Washington,921,13.3
9348,2008,Intentional self-harm (suicide) (*U03 X60-X84 Y87.0),Suicide,Washington,889,13.2
9349,2007,Intentional self-harm (suicide) (*U03 X60-X84 Y87.0),Suicide,Washington,865,13.1
9350,2006,Intentional self-harm (suicide) (*U03 X60-X84 Y87.0),Suicide,Washington,809,12.3
9351,2005,Intentional self-harm (suicide) (*U03 X60-X84 Y87.0),Suicide,Washington,822,12.8
9352,2004,Intentional self-harm (suicide) (*U03 X60-X84 Y87.0),Suicide,Washington,830,13.3
9353,2003,Intentional self-harm (suicide) (*U03 X60-X84 Y87.0),Suicide,Washington,803,13.1
9354,2002,Intentional self-harm (suicide) (*U03 X60-X84 Y87.0),Suicide,Washington,811,13.4
9355,2001,Intentional self-harm (suicide) (*U03 X60-X84 Y87.0),Suicide,Washington,712,11.9
9356,2000,Intentional self-harm (suicide) (*U03 X60-X84 Y87.0),Suicide,Washington,727,12.4
9357,1999,Intentional self-harm (suicide) (*U03 X60-X84 Y87.0),Suicide,Washington,816,14
9358,2016,Intentional self-harm (suicide) (*U03 X60-X84 Y87.0),Suicide,West Virginia,362,19.3
9359,2015,Intentional self-harm (suicide) (*U03 X60-X84 Y87.0),Suicide,West Virginia,340,17.4
9360,2014,Intentional self-harm (suicide) (*U03 X60-X84 Y87.0),Suicide,West Virginia,359,18.1
9361,2013,Intentional self-harm (suicide) (*U03 X60-X84 Y87.0),Suicide,West Virginia,323,16.4
9362,2012,Intentional self-harm (suicide) (*U03 X60-X84 Y87.0),Suicide,West Virginia,326,17.1
9363,2011,Intentional self-harm (suicide) (*U03 X60-X84 Y87.0),Suicide,West Virginia,306,15.9
9364,2010,Intentional self-harm (suicide) (*U03 X60-X84 Y87.0),Suicide,West Virginia,279,14.1
9365,2009,Intentional self-harm (suicide) (*U03 X60-X84 Y87.0),Suicide,West Virginia,253,13.1
9366,2008,Intentional self-harm (suicide) (*U03 X60-X84 Y87.0),Suicide,West Virginia,261,13.7
9367,2007,Intentional self-harm (suicide) (*U03 X60-X84 Y87.0),Suicide,West Virginia,300,15.7
9368,2006,Intentional self-harm (suicide) (*U03 X60-X84 Y87.0),Suicide,West Virginia,269,14
9369,2005,Intentional self-harm (suicide) (*U03 X60-X84 Y87.0),Suicide,West Virginia,255,13.2
9370,2004,Intentional self-harm (suicide) (*U03 X60-X84 Y87.0),Suicide,West Virginia,285,15.4
9371,2003,Intentional self-harm (suicide) (*U03 X60-X84 Y87.0),Suicide,West Virginia,266,14
9372,2002,Intentional self-harm (suicide) (*U03 X60-X84 Y87.0),Suicide,West Virginia,276,14.9
9373,2001,Intentional self-harm (suicide) (*U03 X60-X84 Y87.0),Suicide,West Virginia,286,15
9374,2000,Intentional self-harm (suicide) (*U03 X60-X84 Y87.0),Suicide,West Virginia,245,13.2
9375,1999,Intentional self-harm (suicide) (*U03 X60-X84 Y87.0),Suicide,West Virginia,229,12.1
9376,2016,Intentional self-harm (suicide) (*U03 X60-X84 Y87.0),Suicide,Wisconsin,866,14.7
9377,2015,Intentional self-harm (suicide) (*U03 X60-X84 Y87.0),Suicide,Wisconsin,877,14.7
9378,2014,Intentional self-harm (suicide) (*U03 X60-X84 Y87.0),Suicide,Wisconsin,769,13.1
9379,2013,Intentional self-harm (suicide) (*U03 X60-X84 Y87.0),Suicide,Wisconsin,850,14.4
9380,2012,Intentional self-harm (suicide) (*U03 X60-X84 Y87.0),Suicide,Wisconsin,723,12.4
9381,2011,Intentional self-harm (suicide) (*U03 X60-X84 Y87.0),Suicide,Wisconsin,745,12.8
9382,2010,Intentional self-harm (suicide) (*U03 X60-X84 Y87.0),Suicide,Wisconsin,793,13.4
9383,2009,Intentional self-harm (suicide) (*U03 X60-X84 Y87.0),Suicide,Wisconsin,724,12.5
9384,2008,Intentional self-harm (suicide) (*U03 X60-X84 Y87.0),Suicide,Wisconsin,743,12.8
9385,2007,Intentional self-harm (suicide) (*U03 X60-X84 Y87.0),Suicide,Wisconsin,729,12.7
9386,2006,Intentional self-harm (suicide) (*U03 X60-X84 Y87.0),Suicide,Wisconsin,670,12
9387,2005,Intentional self-harm (suicide) (*U03 X60-X84 Y87.0),Suicide,Wisconsin,643,11.6
9388,2004,Intentional self-harm (suicide) (*U03 X60-X84 Y87.0),Suicide,Wisconsin,662,11.9
9389,2003,Intentional self-harm (suicide) (*U03 X60-X84 Y87.0),Suicide,Wisconsin,647,11.6
9390,2002,Intentional self-harm (suicide) (*U03 X60-X84 Y87.0),Suicide,Wisconsin,627,11.3
9391,2001,Intentional self-harm (suicide) (*U03 X60-X84 Y87.0),Suicide,Wisconsin,639,11.7
9392,2000,Intentional self-harm (suicide) (*U03 X60-X84 Y87.0),Suicide,Wisconsin,590,10.9
9393,1999,Intentional self-harm (suicide) (*U03 X60-X84 Y87.0),Suicide,Wisconsin,593,11.1
9394,2016,Intentional self-harm (suicide) (*U03 X60-X84 Y87.0),Suicide,Wyoming,144,25.2
9395,2015,Intentional self-harm (suicide) (*U03 X60-X84 Y87.0),Suicide,Wyoming,157,28
9396,2014,Intentional self-harm (suicide) (*U03 X60-X84 Y87.0),Suicide,Wyoming,120,20.6
9397,2013,Intentional self-harm (suicide) (*U03 X60-X84 Y87.0),Suicide,Wyoming,129,21.5
9398,2012,Intentional self-harm (suicide) (*U03 X60-X84 Y87.0),Suicide,Wyoming,171,29.6
9399,2011,Intentional self-harm (suicide) (*U03 X60-X84 Y87.0),Suicide,Wyoming,132,23.2
9400,2010,Intentional self-harm (suicide) (*U03 X60-X84 Y87.0),Suicide,Wyoming,131,22.4
9401,2009,Intentional self-harm (suicide) (*U03 X60-X84 Y87.0),Suicide,Wyoming,111,20.4
9402,2008,Intentional self-harm (suicide) (*U03 X60-X84 Y87.0),Suicide,Wyoming,124,22.6
9403,2007,Intentional self-harm (suicide) (*U03 X60-X84 Y87.0),Suicide,Wyoming,101,19.3
9404,2006,Intentional self-harm (suicide) (*U03 X60-X84 Y87.0),Suicide,Wyoming,116,21.7
9405,2005,Intentional self-harm (suicide) (*U03 X60-X84 Y87.0),Suicide,Wyoming,90,17.3
9406,2004,Intentional self-harm (suicide) (*U03 X60-X84 Y87.0),Suicide,Wyoming,88,17.5
9407,2003,Intentional self-harm (suicide) (*U03 X60-X84 Y87.0),Suicide,Wyoming,109,21.8
9408,2002,Intentional self-harm (suicide) (*U03 X60-X84 Y87.0),Suicide,Wyoming,105,20.8
9409,2001,Intentional self-harm (suicide) (*U03 X60-X84 Y87.0),Suicide,Wyoming,83,16.4
9410,2000,Intentional self-harm (suicide) (*U03 X60-X84 Y87.0),Suicide,Wyoming,83,16.8
9411,1999,Intentional self-harm (suicide) (*U03 X60-X84 Y87.0),Suicide,Wyoming,98,20.3
9412,2015,Accidents (unintentional injuries) (V01-X59 Y85-Y86),Unintentional injuries,Alabama,2552,50.9
9413,2014,Accidents (unintentional injuries) (V01-X59 Y85-Y86),Unintentional injuries,Alabama,2463,49.3
9414,2013,Accidents (unintentional injuries) (V01-X59 Y85-Y86),Unintentional injuries,Alabama,2329,47.2
9415,2012,Accidents (unintentional injuries) (V01-X59 Y85-Y86),Unintentional injuries,Alabama,2283,46.6
9416,2011,Accidents (unintentional injuries) (V01-X59 Y85-Y86),Unintentional injuries,Alabama,2662,54.4
9417,2010,Accidents (unintentional injuries) (V01-X59 Y85-Y86),Unintentional injuries,Alabama,2394,49.6
9418,2009,Accidents (unintentional injuries) (V01-X59 Y85-Y86),Unintentional injuries,Alabama,2351,49
9419,2008,Accidents (unintentional injuries) (V01-X59 Y85-Y86),Unintentional injuries,Alabama,2509,52.5
9420,2007,Accidents (unintentional injuries) (V01-X59 Y85-Y86),Unintentional injuries,Alabama,2542,53.8
9421,2006,Accidents (unintentional injuries) (V01-X59 Y85-Y86),Unintentional injuries,Alabama,2506,54
9422,2005,Accidents (unintentional injuries) (V01-X59 Y85-Y86),Unintentional injuries,Alabama,2395,51.9
9423,2004,Accidents (unintentional injuries) (V01-X59 Y85-Y86),Unintentional injuries,Alabama,2403,53
9424,2003,Accidents (unintentional injuries) (V01-X59 Y85-Y86),Unintentional injuries,Alabama,2179,48.3
9425,2002,Accidents (unintentional injuries) (V01-X59 Y85-Y86),Unintentional injuries,Alabama,2228,49.6
9426,2001,Accidents (unintentional injuries) (V01-X59 Y85-Y86),Unintentional injuries,Alabama,2211,49.5
9427,2000,Accidents (unintentional injuries) (V01-X59 Y85-Y86),Unintentional injuries,Alabama,2093,47
9428,1999,Accidents (unintentional injuries) (V01-X59 Y85-Y86),Unintentional injuries,Alabama,2313,52.2
9429,2015,Accidents (unintentional injuries) (V01-X59 Y85-Y86),Unintentional injuries,Alaska,388,57.9
9430,2014,Accidents (unintentional injuries) (V01-X59 Y85-Y86),Unintentional injuries,Alaska,379,55
9431,2013,Accidents (unintentional injuries) (V01-X59 Y85-Y86),Unintentional injuries,Alaska,353,52.5
9432,2012,Accidents (unintentional injuries) (V01-X59 Y85-Y86),Unintentional injuries,Alaska,368,54.1
9433,2011,Accidents (unintentional injuries) (V01-X59 Y85-Y86),Unintentional injuries,Alaska,385,57.3
9434,2010,Accidents (unintentional injuries) (V01-X59 Y85-Y86),Unintentional injuries,Alaska,366,58.7
9435,2009,Accidents (unintentional injuries) (V01-X59 Y85-Y86),Unintentional injuries,Alaska,340,53.3
9436,2008,Accidents (unintentional injuries) (V01-X59 Y85-Y86),Unintentional injuries,Alaska,332,54.1
9437,2007,Accidents (unintentional injuries) (V01-X59 Y85-Y86),Unintentional injuries,Alaska,354,56.4
9438,2006,Accidents (unintentional injuries) (V01-X59 Y85-Y86),Unintentional injuries,Alaska,316,52.3
9439,2005,Accidents (unintentional injuries) (V01-X59 Y85-Y86),Unintentional injuries,Alaska,313,50.8
9440,2004,Accidents (unintentional injuries) (V01-X59 Y85-Y86),Unintentional injuries,Alaska,326,56
9441,2003,Accidents (unintentional injuries) (V01-X59 Y85-Y86),Unintentional injuries,Alaska,321,55.4
9442,2002,Accidents (unintentional injuries) (V01-X59 Y85-Y86),Unintentional injuries,Alaska,346,59.2
9443,2001,Accidents (unintentional injuries) (V01-X59 Y85-Y86),Unintentional injuries,Alaska,345,60.5
9444,2000,Accidents (unintentional injuries) (V01-X59 Y85-Y86),Unintentional injuries,Alaska,343,64.5
9445,1999,Accidents (unintentional injuries) (V01-X59 Y85-Y86),Unintentional injuries,Alaska,294,55.9
9446,2015,Accidents (unintentional injuries) (V01-X59 Y85-Y86),Unintentional injuries,Arizona,3539,49.2
9447,2014,Accidents (unintentional injuries) (V01-X59 Y85-Y86),Unintentional injuries,Arizona,3322,47
9448,2013,Accidents (unintentional injuries) (V01-X59 Y85-Y86),Unintentional injuries,Arizona,3349,48.6
9449,2012,Accidents (unintentional injuries) (V01-X59 Y85-Y86),Unintentional injuries,Arizona,3029,45.1
9450,2011,Accidents (unintentional injuries) (V01-X59 Y85-Y86),Unintentional injuries,Arizona,3096,46.8
9451,2010,Accidents (unintentional injuries) (V01-X59 Y85-Y86),Unintentional injuries,Arizona,3018,46.7
9452,2009,Accidents (unintentional injuries) (V01-X59 Y85-Y86),Unintentional injuries,Arizona,2919,45.5
9453,2008,Accidents (unintentional injuries) (V01-X59 Y85-Y86),Unintentional injuries,Arizona,2956,47.3
9454,2007,Accidents (unintentional injuries) (V01-X59 Y85-Y86),Unintentional injuries,Arizona,3161,51.9
9455,2006,Accidents (unintentional injuries) (V01-X59 Y85-Y86),Unintentional injuries,Arizona,3352,56
9456,2005,Accidents (unintentional injuries) (V01-X59 Y85-Y86),Unintentional injuries,Arizona,3150,54.7
9457,2004,Accidents (unintentional injuries) (V01-X59 Y85-Y86),Unintentional injuries,Arizona,2770,49.3
9458,2003,Accidents (unintentional injuries) (V01-X59 Y85-Y86),Unintentional injuries,Arizona,2697,49.8
9459,2002,Accidents (unintentional injuries) (V01-X59 Y85-Y86),Unintentional injuries,Arizona,2577,48.6
9460,2001,Accidents (unintentional injuries) (V01-X59 Y85-Y86),Unintentional injuries,Arizona,2475,47.6
9461,2000,Accidents (unintentional injuries) (V01-X59 Y85-Y86),Unintentional injuries,Arizona,2326,46.3
9462,1999,Accidents (unintentional injuries) (V01-X59 Y85-Y86),Unintentional injuries,Arizona,2214,44.8
9463,2015,Accidents (unintentional injuries) (V01-X59 Y85-Y86),Unintentional injuries,Arkansas,1538,49.6
9464,2014,Accidents (unintentional injuries) (V01-X59 Y85-Y86),Unintentional injuries,Arkansas,1458,47.4
9465,2013,Accidents (unintentional injuries) (V01-X59 Y85-Y86),Unintentional injuries,Arkansas,1373,44.8
9466,2012,Accidents (unintentional injuries) (V01-X59 Y85-Y86),Unintentional injuries,Arkansas,1521,50
9467,2011,Accidents (unintentional injuries) (V01-X59 Y85-Y86),Unintentional injuries,Arkansas,1510,50.2
9468,2010,Accidents (unintentional injuries) (V01-X59 Y85-Y86),Unintentional injuries,Arkansas,1461,49.4
9469,2009,Accidents (unintentional injuries) (V01-X59 Y85-Y86),Unintentional injuries,Arkansas,1473,50.2
9470,2008,Accidents (unintentional injuries) (V01-X59 Y85-Y86),Unintentional injuries,Arkansas,1477,50.6
9471,2007,Accidents (unintentional injuries) (V01-X59 Y85-Y86),Unintentional injuries,Arkansas,1391,47.8
9472,2006,Accidents (unintentional injuries) (V01-X59 Y85-Y86),Unintentional injuries,Arkansas,1415,49.4
9473,2005,Accidents (unintentional injuries) (V01-X59 Y85-Y86),Unintentional injuries,Arkansas,1329,47
9474,2004,Accidents (unintentional injuries) (V01-X59 Y85-Y86),Unintentional injuries,Arkansas,1406,50.6
9475,2003,Accidents (unintentional injuries) (V01-X59 Y85-Y86),Unintentional injuries,Arkansas,1304,46.9
9476,2002,Accidents (unintentional injuries) (V01-X59 Y85-Y86),Unintentional injuries,Arkansas,1311,47.6
9477,2001,Accidents (unintentional injuries) (V01-X59 Y85-Y86),Unintentional injuries,Arkansas,1277,46.5
9478,2000,Accidents (unintentional injuries) (V01-X59 Y85-Y86),Unintentional injuries,Arkansas,1267,46.5
9479,1999,Accidents (unintentional injuries) (V01-X59 Y85-Y86),Unintentional injuries,Arkansas,1287,47.6
9480,2015,Accidents (unintentional injuries) (V01-X59 Y85-Y86),Unintentional injuries,California,12544,30.6
9481,2014,Accidents (unintentional injuries) (V01-X59 Y85-Y86),Unintentional injuries,California,11804,29.2
9482,2013,Accidents (unintentional injuries) (V01-X59 Y85-Y86),Unintentional injuries,California,11538,29.2
9483,2012,Accidents (unintentional injuries) (V01-X59 Y85-Y86),Unintentional injuries,California,10906,28
9484,2011,Accidents (unintentional injuries) (V01-X59 Y85-Y86),Unintentional injuries,California,10824,28.3
9485,2010,Accidents (unintentional injuries) (V01-X59 Y85-Y86),Unintentional injuries,California,10435,27.8
9486,2009,Accidents (unintentional injuries) (V01-X59 Y85-Y86),Unintentional injuries,California,10860,29.4
9487,2008,Accidents (unintentional injuries) (V01-X59 Y85-Y86),Unintentional injuries,California,10761,29.5
9488,2007,Accidents (unintentional injuries) (V01-X59 Y85-Y86),Unintentional injuries,California,11614,32.3
9489,2006,Accidents (unintentional injuries) (V01-X59 Y85-Y86),Unintentional injuries,California,11375,32.1
9490,2005,Accidents (unintentional injuries) (V01-X59 Y85-Y86),Unintentional injuries,California,11129,31.7
9491,2004,Accidents (unintentional injuries) (V01-X59 Y85-Y86),Unintentional injuries,California,10633,30.8
9492,2003,Accidents (unintentional injuries) (V01-X59 Y85-Y86),Unintentional injuries,California,10471,30.7
9493,2002,Accidents (unintentional injuries) (V01-X59 Y85-Y86),Unintentional injuries,California,10107,30.1
9494,2001,Accidents (unintentional injuries) (V01-X59 Y85-Y86),Unintentional injuries,California,8132,24.5
9495,2000,Accidents (unintentional injuries) (V01-X59 Y85-Y86),Unintentional injuries,California,8577,26.5
9496,1999,Accidents (unintentional injuries) (V01-X59 Y85-Y86),Unintentional injuries,California,9198,28.7
9497,2015,Accidents (unintentional injuries) (V01-X59 Y85-Y86),Unintentional injuries,Colorado,2725,49.7
9498,2014,Accidents (unintentional injuries) (V01-X59 Y85-Y86),Unintentional injuries,Colorado,2517,47.1
9499,2013,Accidents (unintentional injuries) (V01-X59 Y85-Y86),Unintentional injuries,Colorado,2422,46.4
9500,2012,Accidents (unintentional injuries) (V01-X59 Y85-Y86),Unintentional injuries,Colorado,2403,47.1
