ID,Year,113 Cause Name,Cause Name,State,Deaths,Age-adjusted Death Rate
4041,2005,Diabetes mellitus (E10-E14),Diabetes,Illinois,3034,24
4042,2004,Diabetes mellitus (E10-E14),Diabetes,Illinois,3069,24.5
4043,2003,Diabetes mellitus (E10-E14),Diabetes,Illinois,3044,24.6
4044,2002,Diabetes mellitus (E10-E14),Diabetes,Illinois,3011,24.6
4045,2001,Diabetes mellitus (E10-E14),Diabetes,Illinois,3092,25.5
4046,2000,Diabetes mellitus (E10-E14),Diabetes,Illinois,2995,25
4047,1999,Diabetes mellitus (E10-E14),Diabetes,Illinois,3004,25.2
4048,2016,Diabetes mellitus (E10-E14),Diabetes,Indiana,1992,26
4049,2015,Diabetes mellitus (E10-E14),Diabetes,Indiana,2030,26.9
4050,2014,Diabetes mellitus (E10-E14),Diabetes,Indiana,1819,24.4
4051,2013,Diabetes mellitus (E10-E14),Diabetes,Indiana,1943,26.3
4052,2012,Diabetes mellitus (E10-E14),Diabetes,Indiana,1860,25.9
4053,2011,Diabetes mellitus (E10-E14),Diabetes,Indiana,1808,25.4
4054,2010,Diabetes mellitus (E10-E14),Diabetes,Indiana,1587,22.7
4055,2009,Diabetes mellitus (E10-E14),Diabetes,Indiana,1646,24.1
4056,2008,Diabetes mellitus (E10-E14),Diabetes,Indiana,1683,24.9
4057,2007,Diabetes mellitus (E10-E14),Diabetes,Indiana,1564,23.5
4058,2006,Diabetes mellitus (E10-E14),Diabetes,Indiana,1682,25.9
4059,2005,Diabetes mellitus (E10-E14),Diabetes,Indiana,1719,27
4060,2004,Diabetes mellitus (E10-E14),Diabetes,Indiana,1673,26.6
4061,2003,Diabetes mellitus (E10-E14),Diabetes,Indiana,1731,27.8
4062,2002,Diabetes mellitus (E10-E14),Diabetes,Indiana,1688,27.6
4063,2001,Diabetes mellitus (E10-E14),Diabetes,Indiana,1677,27.7
4064,2000,Diabetes mellitus (E10-E14),Diabetes,Indiana,1673,28
4065,1999,Diabetes mellitus (E10-E14),Diabetes,Indiana,1591,26.9
4066,2016,Diabetes mellitus (E10-E14),Diabetes,Iowa,847,20.9
4067,2015,Diabetes mellitus (E10-E14),Diabetes,Iowa,1077,26.7
4068,2014,Diabetes mellitus (E10-E14),Diabetes,Iowa,1019,25.6
4069,2013,Diabetes mellitus (E10-E14),Diabetes,Iowa,747,19
4070,2012,Diabetes mellitus (E10-E14),Diabetes,Iowa,692,17.6
4071,2011,Diabetes mellitus (E10-E14),Diabetes,Iowa,770,19.9
4072,2010,Diabetes mellitus (E10-E14),Diabetes,Iowa,733,19.3
4073,2009,Diabetes mellitus (E10-E14),Diabetes,Iowa,702,18.7
4074,2008,Diabetes mellitus (E10-E14),Diabetes,Iowa,764,20.3
4075,2007,Diabetes mellitus (E10-E14),Diabetes,Iowa,767,20.6
4076,2006,Diabetes mellitus (E10-E14),Diabetes,Iowa,804,22
4077,2005,Diabetes mellitus (E10-E14),Diabetes,Iowa,727,20.1
4078,2004,Diabetes mellitus (E10-E14),Diabetes,Iowa,700,19.5
4079,2003,Diabetes mellitus (E10-E14),Diabetes,Iowa,727,20.2
4080,2002,Diabetes mellitus (E10-E14),Diabetes,Iowa,734,20.8
4081,2001,Diabetes mellitus (E10-E14),Diabetes,Iowa,709,20.1
4082,2000,Diabetes mellitus (E10-E14),Diabetes,Iowa,630,18.1
4083,1999,Diabetes mellitus (E10-E14),Diabetes,Iowa,684,19.7
4084,2016,Diabetes mellitus (E10-E14),Diabetes,Kansas,727,21.2
4085,2015,Diabetes mellitus (E10-E14),Diabetes,Kansas,684,20.2
4086,2014,Diabetes mellitus (E10-E14),Diabetes,Kansas,643,19.2
4087,2013,Diabetes mellitus (E10-E14),Diabetes,Kansas,654,19.8
4088,2012,Diabetes mellitus (E10-E14),Diabetes,Kansas,639,19.6
4089,2011,Diabetes mellitus (E10-E14),Diabetes,Kansas,711,22.1
4090,2010,Diabetes mellitus (E10-E14),Diabetes,Kansas,655,20.6
4091,2009,Diabetes mellitus (E10-E14),Diabetes,Kansas,635,20.3
4092,2008,Diabetes mellitus (E10-E14),Diabetes,Kansas,706,22.7
4093,2007,Diabetes mellitus (E10-E14),Diabetes,Kansas,702,22.8
4094,2006,Diabetes mellitus (E10-E14),Diabetes,Kansas,749,24.8
4095,2005,Diabetes mellitus (E10-E14),Diabetes,Kansas,710,23.8
4096,2004,Diabetes mellitus (E10-E14),Diabetes,Kansas,690,23.5
4097,2003,Diabetes mellitus (E10-E14),Diabetes,Kansas,676,23.2
4098,2002,Diabetes mellitus (E10-E14),Diabetes,Kansas,765,26.4
4099,2001,Diabetes mellitus (E10-E14),Diabetes,Kansas,721,25.2
4100,2000,Diabetes mellitus (E10-E14),Diabetes,Kansas,668,23.5
4101,1999,Diabetes mellitus (E10-E14),Diabetes,Kansas,650,23
4102,2016,Diabetes mellitus (E10-E14),Diabetes,Kentucky,1479,28.4
4103,2015,Diabetes mellitus (E10-E14),Diabetes,Kentucky,1458,28.2
4104,2014,Diabetes mellitus (E10-E14),Diabetes,Kentucky,1175,23.4
4105,2013,Diabetes mellitus (E10-E14),Diabetes,Kentucky,1187,24.1
4106,2012,Diabetes mellitus (E10-E14),Diabetes,Kentucky,1256,25.9
4107,2011,Diabetes mellitus (E10-E14),Diabetes,Kentucky,1268,26.5
4108,2010,Diabetes mellitus (E10-E14),Diabetes,Kentucky,1212,26
4109,2009,Diabetes mellitus (E10-E14),Diabetes,Kentucky,1348,29.3
4110,2008,Diabetes mellitus (E10-E14),Diabetes,Kentucky,1214,26.7
4111,2007,Diabetes mellitus (E10-E14),Diabetes,Kentucky,1091,24.4
4112,2006,Diabetes mellitus (E10-E14),Diabetes,Kentucky,1141,26.2
4113,2005,Diabetes mellitus (E10-E14),Diabetes,Kentucky,1187,27.8
4114,2004,Diabetes mellitus (E10-E14),Diabetes,Kentucky,1195,28.6
4115,2003,Diabetes mellitus (E10-E14),Diabetes,Kentucky,1296,31.6
4116,2002,Diabetes mellitus (E10-E14),Diabetes,Kentucky,1265,31.1
4117,2001,Diabetes mellitus (E10-E14),Diabetes,Kentucky,1099,27.3
4118,2000,Diabetes mellitus (E10-E14),Diabetes,Kentucky,1107,27.9
4119,1999,Diabetes mellitus (E10-E14),Diabetes,Kentucky,1133,28.8
4120,2016,Diabetes mellitus (E10-E14),Diabetes,Louisiana,1324,25.5
4121,2015,Diabetes mellitus (E10-E14),Diabetes,Louisiana,1199,23.5
4122,2014,Diabetes mellitus (E10-E14),Diabetes,Louisiana,1238,24.8
4123,2013,Diabetes mellitus (E10-E14),Diabetes,Louisiana,1329,26.9
4124,2012,Diabetes mellitus (E10-E14),Diabetes,Louisiana,1290,26.9
4125,2011,Diabetes mellitus (E10-E14),Diabetes,Louisiana,1265,27.1
4126,2010,Diabetes mellitus (E10-E14),Diabetes,Louisiana,1205,26.4
4127,2009,Diabetes mellitus (E10-E14),Diabetes,Louisiana,1249,27.8
4128,2008,Diabetes mellitus (E10-E14),Diabetes,Louisiana,1332,30.3
4129,2007,Diabetes mellitus (E10-E14),Diabetes,Louisiana,1437,33.5
4130,2006,Diabetes mellitus (E10-E14),Diabetes,Louisiana,1536,36.3
4131,2005,Diabetes mellitus (E10-E14),Diabetes,Louisiana,1695,38.7
4132,2004,Diabetes mellitus (E10-E14),Diabetes,Louisiana,1717,39.9
4133,2003,Diabetes mellitus (E10-E14),Diabetes,Louisiana,1740,40.9
4134,2002,Diabetes mellitus (E10-E14),Diabetes,Louisiana,1774,42.3
4135,2001,Diabetes mellitus (E10-E14),Diabetes,Louisiana,1734,41.9
4136,2000,Diabetes mellitus (E10-E14),Diabetes,Louisiana,1694,41.4
4137,1999,Diabetes mellitus (E10-E14),Diabetes,Louisiana,1687,41.8
4138,2016,Diabetes mellitus (E10-E14),Diabetes,Maine,463,23.9
4139,2015,Diabetes mellitus (E10-E14),Diabetes,Maine,407,21.9
4140,2014,Diabetes mellitus (E10-E14),Diabetes,Maine,414,22.4
4141,2013,Diabetes mellitus (E10-E14),Diabetes,Maine,373,20.4
4142,2012,Diabetes mellitus (E10-E14),Diabetes,Maine,380,21.3
4143,2011,Diabetes mellitus (E10-E14),Diabetes,Maine,353,20
4144,2010,Diabetes mellitus (E10-E14),Diabetes,Maine,376,21.8
4145,2009,Diabetes mellitus (E10-E14),Diabetes,Maine,350,20.7
4146,2008,Diabetes mellitus (E10-E14),Diabetes,Maine,344,20.8
4147,2007,Diabetes mellitus (E10-E14),Diabetes,Maine,355,21.8
4148,2006,Diabetes mellitus (E10-E14),Diabetes,Maine,343,21.4
4149,2005,Diabetes mellitus (E10-E14),Diabetes,Maine,385,24.7
4150,2004,Diabetes mellitus (E10-E14),Diabetes,Maine,382,24.7
4151,2003,Diabetes mellitus (E10-E14),Diabetes,Maine,398,26.2
4152,2002,Diabetes mellitus (E10-E14),Diabetes,Maine,404,27.1
4153,2001,Diabetes mellitus (E10-E14),Diabetes,Maine,398,27.1
4154,2000,Diabetes mellitus (E10-E14),Diabetes,Maine,357,24.8
4155,1999,Diabetes mellitus (E10-E14),Diabetes,Maine,348,24.5
4156,2016,Diabetes mellitus (E10-E14),Diabetes,Maryland,1358,19.6
4157,2015,Diabetes mellitus (E10-E14),Diabetes,Maryland,1243,18.3
4158,2014,Diabetes mellitus (E10-E14),Diabetes,Maryland,1305,19.8
4159,2013,Diabetes mellitus (E10-E14),Diabetes,Maryland,1249,19.1
4160,2012,Diabetes mellitus (E10-E14),Diabetes,Maryland,1218,19.2
4161,2011,Diabetes mellitus (E10-E14),Diabetes,Maryland,1297,21.2
4162,2010,Diabetes mellitus (E10-E14),Diabetes,Maryland,1191,19.9
4163,2009,Diabetes mellitus (E10-E14),Diabetes,Maryland,1207,20.6
4164,2008,Diabetes mellitus (E10-E14),Diabetes,Maryland,1239,21.6
4165,2007,Diabetes mellitus (E10-E14),Diabetes,Maryland,1301,23.4
4166,2006,Diabetes mellitus (E10-E14),Diabetes,Maryland,1237,22.5
4167,2005,Diabetes mellitus (E10-E14),Diabetes,Maryland,1388,26
4168,2004,Diabetes mellitus (E10-E14),Diabetes,Maryland,1417,26.9
4169,2003,Diabetes mellitus (E10-E14),Diabetes,Maryland,1454,28.2
4170,2002,Diabetes mellitus (E10-E14),Diabetes,Maryland,1519,30.1
4171,2001,Diabetes mellitus (E10-E14),Diabetes,Maryland,1458,29.4
4172,2000,Diabetes mellitus (E10-E14),Diabetes,Maryland,1515,31.3
4173,1999,Diabetes mellitus (E10-E14),Diabetes,Maryland,1422,29.8
4174,2016,Diabetes mellitus (E10-E14),Diabetes,Massachusetts,1268,14.9
4175,2015,Diabetes mellitus (E10-E14),Diabetes,Massachusetts,1398,16.7
4176,2014,Diabetes mellitus (E10-E14),Diabetes,Massachusetts,1202,14.5
4177,2013,Diabetes mellitus (E10-E14),Diabetes,Massachusetts,1142,14.1
4178,2012,Diabetes mellitus (E10-E14),Diabetes,Massachusetts,1099,13.6
4179,2011,Diabetes mellitus (E10-E14),Diabetes,Massachusetts,1140,14.6
4180,2010,Diabetes mellitus (E10-E14),Diabetes,Massachusetts,1028,13.3
4181,2009,Diabetes mellitus (E10-E14),Diabetes,Massachusetts,1007,13.3
4182,2008,Diabetes mellitus (E10-E14),Diabetes,Massachusetts,1079,14.5
4183,2007,Diabetes mellitus (E10-E14),Diabetes,Massachusetts,1222,16.6
4184,2006,Diabetes mellitus (E10-E14),Diabetes,Massachusetts,1132,15.5
4185,2005,Diabetes mellitus (E10-E14),Diabetes,Massachusetts,1271,17.7
4186,2004,Diabetes mellitus (E10-E14),Diabetes,Massachusetts,1329,18.7
4187,2003,Diabetes mellitus (E10-E14),Diabetes,Massachusetts,1424,20.2
4188,2002,Diabetes mellitus (E10-E14),Diabetes,Massachusetts,1423,20.4
4189,2001,Diabetes mellitus (E10-E14),Diabetes,Massachusetts,1422,20.5
4190,2000,Diabetes mellitus (E10-E14),Diabetes,Massachusetts,1361,19.8
4191,1999,Diabetes mellitus (E10-E14),Diabetes,Massachusetts,1354,19.9
4192,2016,Diabetes mellitus (E10-E14),Diabetes,Michigan,2672,21.5
4193,2015,Diabetes mellitus (E10-E14),Diabetes,Michigan,2751,22.5
4194,2014,Diabetes mellitus (E10-E14),Diabetes,Michigan,2844,23.7
4195,2013,Diabetes mellitus (E10-E14),Diabetes,Michigan,2825,23.8
4196,2012,Diabetes mellitus (E10-E14),Diabetes,Michigan,2685,23
4197,2011,Diabetes mellitus (E10-E14),Diabetes,Michigan,2811,24.6
4198,2010,Diabetes mellitus (E10-E14),Diabetes,Michigan,2697,24
4199,2009,Diabetes mellitus (E10-E14),Diabetes,Michigan,2705,24.4
4200,2008,Diabetes mellitus (E10-E14),Diabetes,Michigan,2752,25.2
4201,2007,Diabetes mellitus (E10-E14),Diabetes,Michigan,2826,26.3
4202,2006,Diabetes mellitus (E10-E14),Diabetes,Michigan,2830,26.8
4203,2005,Diabetes mellitus (E10-E14),Diabetes,Michigan,2842,27.3
4204,2004,Diabetes mellitus (E10-E14),Diabetes,Michigan,2953,28.9
4205,2003,Diabetes mellitus (E10-E14),Diabetes,Michigan,2640,26.2
4206,2002,Diabetes mellitus (E10-E14),Diabetes,Michigan,2785,28
4207,2001,Diabetes mellitus (E10-E14),Diabetes,Michigan,2655,27.1
4208,2000,Diabetes mellitus (E10-E14),Diabetes,Michigan,2603,27
4209,1999,Diabetes mellitus (E10-E14),Diabetes,Michigan,2587,27.1
4210,2016,Diabetes mellitus (E10-E14),Diabetes,Minnesota,1265,19.2
4211,2015,Diabetes mellitus (E10-E14),Diabetes,Minnesota,1221,18.6
4212,2014,Diabetes mellitus (E10-E14),Diabetes,Minnesota,1193,18.7
4213,2013,Diabetes mellitus (E10-E14),Diabetes,Minnesota,1163,18.8
4214,2012,Diabetes mellitus (E10-E14),Diabetes,Minnesota,1165,19.1
4215,2011,Diabetes mellitus (E10-E14),Diabetes,Minnesota,1189,20.1
4216,2010,Diabetes mellitus (E10-E14),Diabetes,Minnesota,1037,17.7
4217,2009,Diabetes mellitus (E10-E14),Diabetes,Minnesota,1021,17.7
4218,2008,Diabetes mellitus (E10-E14),Diabetes,Minnesota,1087,19.1
4219,2007,Diabetes mellitus (E10-E14),Diabetes,Minnesota,1084,19.6
4220,2006,Diabetes mellitus (E10-E14),Diabetes,Minnesota,1158,21.4
4221,2005,Diabetes mellitus (E10-E14),Diabetes,Minnesota,1258,23.6
4222,2004,Diabetes mellitus (E10-E14),Diabetes,Minnesota,1130,21.6
4223,2003,Diabetes mellitus (E10-E14),Diabetes,Minnesota,1276,24.9
4224,2002,Diabetes mellitus (E10-E14),Diabetes,Minnesota,1317,26
4225,2001,Diabetes mellitus (E10-E14),Diabetes,Minnesota,1213,24.4
4226,2000,Diabetes mellitus (E10-E14),Diabetes,Minnesota,1209,24.6
4227,1999,Diabetes mellitus (E10-E14),Diabetes,Minnesota,1249,25.7
4228,2016,Diabetes mellitus (E10-E14),Diabetes,Mississippi,1084,31.9
4229,2015,Diabetes mellitus (E10-E14),Diabetes,Mississippi,1092,32.4
4230,2014,Diabetes mellitus (E10-E14),Diabetes,Mississippi,1015,30.4
4231,2013,Diabetes mellitus (E10-E14),Diabetes,Mississippi,1071,32.9
4232,2012,Diabetes mellitus (E10-E14),Diabetes,Mississippi,1050,32.6
4233,2011,Diabetes mellitus (E10-E14),Diabetes,Mississippi,996,32
4234,2010,Diabetes mellitus (E10-E14),Diabetes,Mississippi,926,30.3
4235,2009,Diabetes mellitus (E10-E14),Diabetes,Mississippi,900,29.7
4236,2008,Diabetes mellitus (E10-E14),Diabetes,Mississippi,758,25.3
4237,2007,Diabetes mellitus (E10-E14),Diabetes,Mississippi,654,22.1
4238,2006,Diabetes mellitus (E10-E14),Diabetes,Mississippi,707,24.5
4239,2005,Diabetes mellitus (E10-E14),Diabetes,Mississippi,677,23.5
4240,2004,Diabetes mellitus (E10-E14),Diabetes,Mississippi,665,23.6
4241,2003,Diabetes mellitus (E10-E14),Diabetes,Mississippi,680,24.4
4242,2002,Diabetes mellitus (E10-E14),Diabetes,Mississippi,671,24.4
4243,2001,Diabetes mellitus (E10-E14),Diabetes,Mississippi,661,24.3
4244,2000,Diabetes mellitus (E10-E14),Diabetes,Mississippi,676,24.9
4245,1999,Diabetes mellitus (E10-E14),Diabetes,Mississippi,593,22
4246,2016,Diabetes mellitus (E10-E14),Diabetes,Missouri,1508,20.1
4247,2015,Diabetes mellitus (E10-E14),Diabetes,Missouri,1468,19.7
4248,2014,Diabetes mellitus (E10-E14),Diabetes,Missouri,1423,19.4
4249,2013,Diabetes mellitus (E10-E14),Diabetes,Missouri,1477,20.5
4250,2012,Diabetes mellitus (E10-E14),Diabetes,Missouri,1377,19.6
4251,2011,Diabetes mellitus (E10-E14),Diabetes,Missouri,1438,20.8
4252,2010,Diabetes mellitus (E10-E14),Diabetes,Missouri,1425,21.2
4253,2009,Diabetes mellitus (E10-E14),Diabetes,Missouri,1335,19.8
4254,2008,Diabetes mellitus (E10-E14),Diabetes,Missouri,1348,20.4
4255,2007,Diabetes mellitus (E10-E14),Diabetes,Missouri,1444,22.4
4256,2006,Diabetes mellitus (E10-E14),Diabetes,Missouri,1493,23.5
4257,2005,Diabetes mellitus (E10-E14),Diabetes,Missouri,1549,24.8
4258,2004,Diabetes mellitus (E10-E14),Diabetes,Missouri,1461,23.6
4259,2003,Diabetes mellitus (E10-E14),Diabetes,Missouri,1666,27.1
4260,2002,Diabetes mellitus (E10-E14),Diabetes,Missouri,1625,26.8
4261,2001,Diabetes mellitus (E10-E14),Diabetes,Missouri,1535,25.6
4262,2000,Diabetes mellitus (E10-E14),Diabetes,Missouri,1458,24.6
4263,1999,Diabetes mellitus (E10-E14),Diabetes,Missouri,1554,26.3
4264,2016,Diabetes mellitus (E10-E14),Diabetes,Montana,311,23.6
4265,2015,Diabetes mellitus (E10-E14),Diabetes,Montana,321,24.5
4266,2014,Diabetes mellitus (E10-E14),Diabetes,Montana,250,19.2
4267,2013,Diabetes mellitus (E10-E14),Diabetes,Montana,250,19.7
4268,2012,Diabetes mellitus (E10-E14),Diabetes,Montana,233,19.1
4269,2011,Diabetes mellitus (E10-E14),Diabetes,Montana,252,20.9
4270,2010,Diabetes mellitus (E10-E14),Diabetes,Montana,227,19.1
4271,2009,Diabetes mellitus (E10-E14),Diabetes,Montana,228,19.4
4272,2008,Diabetes mellitus (E10-E14),Diabetes,Montana,254,22.3
4273,2007,Diabetes mellitus (E10-E14),Diabetes,Montana,258,23
4274,2006,Diabetes mellitus (E10-E14),Diabetes,Montana,249,22.8
4275,2005,Diabetes mellitus (E10-E14),Diabetes,Montana,285,26.7
4276,2004,Diabetes mellitus (E10-E14),Diabetes,Montana,237,22.7
4277,2003,Diabetes mellitus (E10-E14),Diabetes,Montana,261,25.8
4278,2002,Diabetes mellitus (E10-E14),Diabetes,Montana,210,21.1
4279,2001,Diabetes mellitus (E10-E14),Diabetes,Montana,229,23.3
4280,2000,Diabetes mellitus (E10-E14),Diabetes,Montana,227,23.6
4281,1999,Diabetes mellitus (E10-E14),Diabetes,Montana,244,25.7
4282,2016,Diabetes mellitus (E10-E14),Diabetes,Nebraska,501,21.9
4283,2015,Diabetes mellitus (E10-E14),Diabetes,Nebraska,553,24.8
4284,2014,Diabetes mellitus (E10-E14),Diabetes,Nebraska,473,21.5
4285,2013,Diabetes mellitus (E10-E14),Diabetes,Nebraska,471,21.7
4286,2012,Diabetes mellitus (E10-E14),Diabetes,Nebraska,442,20.7
4287,2011,Diabetes mellitus (E10-E14),Diabetes,Nebraska,460,21.7
4288,2010,Diabetes mellitus (E10-E14),Diabetes,Nebraska,452,21.7
4289,2009,Diabetes mellitus (E10-E14),Diabetes,Nebraska,445,21.8
4290,2008,Diabetes mellitus (E10-E14),Diabetes,Nebraska,470,23.2
4291,2007,Diabetes mellitus (E10-E14),Diabetes,Nebraska,472,23.4
4292,2006,Diabetes mellitus (E10-E14),Diabetes,Nebraska,437,22.2
4293,2005,Diabetes mellitus (E10-E14),Diabetes,Nebraska,449,23.3
4294,2004,Diabetes mellitus (E10-E14),Diabetes,Nebraska,395,20.5
4295,2003,Diabetes mellitus (E10-E14),Diabetes,Nebraska,407,21.1
4296,2002,Diabetes mellitus (E10-E14),Diabetes,Nebraska,393,20.8
4297,2001,Diabetes mellitus (E10-E14),Diabetes,Nebraska,400,21.3
4298,2000,Diabetes mellitus (E10-E14),Diabetes,Nebraska,411,22.2
4299,1999,Diabetes mellitus (E10-E14),Diabetes,Nebraska,372,20.2
4300,2016,Diabetes mellitus (E10-E14),Diabetes,Nevada,580,17.9
4301,2015,Diabetes mellitus (E10-E14),Diabetes,Nevada,420,13.4
4302,2014,Diabetes mellitus (E10-E14),Diabetes,Nevada,350,11.4
4303,2013,Diabetes mellitus (E10-E14),Diabetes,Nevada,424,14.8
4304,2012,Diabetes mellitus (E10-E14),Diabetes,Nevada,438,15.9
4305,2011,Diabetes mellitus (E10-E14),Diabetes,Nevada,400,15.1
4306,2010,Diabetes mellitus (E10-E14),Diabetes,Nevada,350,13.8
4307,2009,Diabetes mellitus (E10-E14),Diabetes,Nevada,377,15.5
4308,2008,Diabetes mellitus (E10-E14),Diabetes,Nevada,373,15.6
4309,2007,Diabetes mellitus (E10-E14),Diabetes,Nevada,312,13
4310,2006,Diabetes mellitus (E10-E14),Diabetes,Nevada,294,13
4311,2005,Diabetes mellitus (E10-E14),Diabetes,Nevada,336,15.3
4312,2004,Diabetes mellitus (E10-E14),Diabetes,Nevada,290,13.9
4313,2003,Diabetes mellitus (E10-E14),Diabetes,Nevada,301,15
4314,2002,Diabetes mellitus (E10-E14),Diabetes,Nevada,343,17.5
4315,2001,Diabetes mellitus (E10-E14),Diabetes,Nevada,322,17.5
4316,2000,Diabetes mellitus (E10-E14),Diabetes,Nevada,276,15.4
4317,1999,Diabetes mellitus (E10-E14),Diabetes,Nevada,286,17.2
4318,2016,Diabetes mellitus (E10-E14),Diabetes,New Hampshire,316,17.9
4319,2015,Diabetes mellitus (E10-E14),Diabetes,New Hampshire,308,17.9
4320,2014,Diabetes mellitus (E10-E14),Diabetes,New Hampshire,300,18
4321,2013,Diabetes mellitus (E10-E14),Diabetes,New Hampshire,310,18.7
4322,2012,Diabetes mellitus (E10-E14),Diabetes,New Hampshire,275,17.5
4323,2011,Diabetes mellitus (E10-E14),Diabetes,New Hampshire,280,18.3
4324,2010,Diabetes mellitus (E10-E14),Diabetes,New Hampshire,236,16.1
4325,2009,Diabetes mellitus (E10-E14),Diabetes,New Hampshire,276,18.7
4326,2008,Diabetes mellitus (E10-E14),Diabetes,New Hampshire,297,20.6
4327,2007,Diabetes mellitus (E10-E14),Diabetes,New Hampshire,280,20.2
4328,2006,Diabetes mellitus (E10-E14),Diabetes,New Hampshire,296,21.4
4329,2005,Diabetes mellitus (E10-E14),Diabetes,New Hampshire,310,23.4
4330,2004,Diabetes mellitus (E10-E14),Diabetes,New Hampshire,313,24
4331,2003,Diabetes mellitus (E10-E14),Diabetes,New Hampshire,300,23.6
4332,2002,Diabetes mellitus (E10-E14),Diabetes,New Hampshire,311,25
4333,2001,Diabetes mellitus (E10-E14),Diabetes,New Hampshire,291,23.9
4334,2000,Diabetes mellitus (E10-E14),Diabetes,New Hampshire,297,25.1
4335,1999,Diabetes mellitus (E10-E14),Diabetes,New Hampshire,294,25.3
4336,2016,Diabetes mellitus (E10-E14),Diabetes,New Jersey,1949,17.8
4337,2015,Diabetes mellitus (E10-E14),Diabetes,New Jersey,1933,17.9
4338,2014,Diabetes mellitus (E10-E14),Diabetes,New Jersey,2062,19.3
4339,2013,Diabetes mellitus (E10-E14),Diabetes,New Jersey,2043,19.4
4340,2012,Diabetes mellitus (E10-E14),Diabetes,New Jersey,1988,19.3
4341,2011,Diabetes mellitus (E10-E14),Diabetes,New Jersey,2222,22
4342,2010,Diabetes mellitus (E10-E14),Diabetes,New Jersey,2098,21
4343,2009,Diabetes mellitus (E10-E14),Diabetes,New Jersey,1959,19.9
4344,2008,Diabetes mellitus (E10-E14),Diabetes,New Jersey,2242,23.1
4345,2007,Diabetes mellitus (E10-E14),Diabetes,New Jersey,2329,24.4
4346,2006,Diabetes mellitus (E10-E14),Diabetes,New Jersey,2454,26.1
4347,2005,Diabetes mellitus (E10-E14),Diabetes,New Jersey,2540,27.3
4348,2004,Diabetes mellitus (E10-E14),Diabetes,New Jersey,2595,28.2
4349,2003,Diabetes mellitus (E10-E14),Diabetes,New Jersey,2484,27.2
4350,2002,Diabetes mellitus (E10-E14),Diabetes,New Jersey,2532,28.1
4351,2001,Diabetes mellitus (E10-E14),Diabetes,New Jersey,2556,28.7
4352,2000,Diabetes mellitus (E10-E14),Diabetes,New Jersey,2483,28.2
4353,1999,Diabetes mellitus (E10-E14),Diabetes,New Jersey,2436,28
4354,2016,Diabetes mellitus (E10-E14),Diabetes,New Mexico,678,27.2
4355,2015,Diabetes mellitus (E10-E14),Diabetes,New Mexico,608,24.9
4356,2014,Diabetes mellitus (E10-E14),Diabetes,New Mexico,671,27.5
4357,2013,Diabetes mellitus (E10-E14),Diabetes,New Mexico,646,27.6
4358,2012,Diabetes mellitus (E10-E14),Diabetes,New Mexico,652,28.3
4359,2011,Diabetes mellitus (E10-E14),Diabetes,New Mexico,612,27.3
4360,2010,Diabetes mellitus (E10-E14),Diabetes,New Mexico,643,29.8
4361,2009,Diabetes mellitus (E10-E14),Diabetes,New Mexico,597,28.3
4362,2008,Diabetes mellitus (E10-E14),Diabetes,New Mexico,582,28.3
4363,2007,Diabetes mellitus (E10-E14),Diabetes,New Mexico,673,33.2
4364,2006,Diabetes mellitus (E10-E14),Diabetes,New Mexico,606,30.6
4365,2005,Diabetes mellitus (E10-E14),Diabetes,New Mexico,595,31.4
4366,2004,Diabetes mellitus (E10-E14),Diabetes,New Mexico,590,31.9
4367,2003,Diabetes mellitus (E10-E14),Diabetes,New Mexico,599,33.2
4368,2002,Diabetes mellitus (E10-E14),Diabetes,New Mexico,582,33
4369,2001,Diabetes mellitus (E10-E14),Diabetes,New Mexico,538,31.5
4370,2000,Diabetes mellitus (E10-E14),Diabetes,New Mexico,485,29.1
4371,1999,Diabetes mellitus (E10-E14),Diabetes,New Mexico,517,31.4
4372,2016,Diabetes mellitus (E10-E14),Diabetes,New York,4038,16.9
4373,2015,Diabetes mellitus (E10-E14),Diabetes,New York,4045,17.1
4374,2014,Diabetes mellitus (E10-E14),Diabetes,New York,4064,17.4
4375,2013,Diabetes mellitus (E10-E14),Diabetes,New York,4094,17.8
4376,2012,Diabetes mellitus (E10-E14),Diabetes,New York,4010,17.7
4377,2011,Diabetes mellitus (E10-E14),Diabetes,New York,3988,18
4378,2010,Diabetes mellitus (E10-E14),Diabetes,New York,3642,16.7
4379,2009,Diabetes mellitus (E10-E14),Diabetes,New York,3723,17.3
4380,2008,Diabetes mellitus (E10-E14),Diabetes,New York,3605,16.9
4381,2007,Diabetes mellitus (E10-E14),Diabetes,New York,3715,17.7
4382,2006,Diabetes mellitus (E10-E14),Diabetes,New York,3848,18.6
4383,2005,Diabetes mellitus (E10-E14),Diabetes,New York,4051,19.7
4384,2004,Diabetes mellitus (E10-E14),Diabetes,New York,3913,19.2
4385,2003,Diabetes mellitus (E10-E14),Diabetes,New York,4227,21
4386,2002,Diabetes mellitus (E10-E14),Diabetes,New York,3934,19.7
4387,2001,Diabetes mellitus (E10-E14),Diabetes,New York,3844,19.5
4388,2000,Diabetes mellitus (E10-E14),Diabetes,New York,3877,20
4389,1999,Diabetes mellitus (E10-E14),Diabetes,New York,3799,19.8
4390,2016,Diabetes mellitus (E10-E14),Diabetes,North Carolina,2811,23.5
4391,2015,Diabetes mellitus (E10-E14),Diabetes,North Carolina,2746,23.6
4392,2014,Diabetes mellitus (E10-E14),Diabetes,North Carolina,2687,23.7
4393,2013,Diabetes mellitus (E10-E14),Diabetes,North Carolina,2402,21.8
4394,2012,Diabetes mellitus (E10-E14),Diabetes,North Carolina,2409,22.6
4395,2011,Diabetes mellitus (E10-E14),Diabetes,North Carolina,2278,22.1
4396,2010,Diabetes mellitus (E10-E14),Diabetes,North Carolina,2042,20.5
4397,2009,Diabetes mellitus (E10-E14),Diabetes,North Carolina,2114,21.5
4398,2008,Diabetes mellitus (E10-E14),Diabetes,North Carolina,2170,22.7
4399,2007,Diabetes mellitus (E10-E14),Diabetes,North Carolina,2156,23.3
4400,2006,Diabetes mellitus (E10-E14),Diabetes,North Carolina,2234,24.9
4401,2005,Diabetes mellitus (E10-E14),Diabetes,North Carolina,2261,26.2
4402,2004,Diabetes mellitus (E10-E14),Diabetes,North Carolina,2253,26.9
4403,2003,Diabetes mellitus (E10-E14),Diabetes,North Carolina,2388,29.1
4404,2002,Diabetes mellitus (E10-E14),Diabetes,North Carolina,2205,27.6
4405,2001,Diabetes mellitus (E10-E14),Diabetes,North Carolina,2181,27.9
4406,2000,Diabetes mellitus (E10-E14),Diabetes,North Carolina,2084,27.3
4407,1999,Diabetes mellitus (E10-E14),Diabetes,North Carolina,2050,27
4408,2016,Diabetes mellitus (E10-E14),Diabetes,North Dakota,171,19.4
4409,2015,Diabetes mellitus (E10-E14),Diabetes,North Dakota,195,22.6
4410,2014,Diabetes mellitus (E10-E14),Diabetes,North Dakota,176,19.9
4411,2013,Diabetes mellitus (E10-E14),Diabetes,North Dakota,197,22.3
4412,2012,Diabetes mellitus (E10-E14),Diabetes,North Dakota,185,22
4413,2011,Diabetes mellitus (E10-E14),Diabetes,North Dakota,207,24.5
4414,2010,Diabetes mellitus (E10-E14),Diabetes,North Dakota,192,22.2
4415,2009,Diabetes mellitus (E10-E14),Diabetes,North Dakota,214,25.4
4416,2008,Diabetes mellitus (E10-E14),Diabetes,North Dakota,201,25
4417,2007,Diabetes mellitus (E10-E14),Diabetes,North Dakota,226,28.1
4418,2006,Diabetes mellitus (E10-E14),Diabetes,North Dakota,208,26.1
4419,2005,Diabetes mellitus (E10-E14),Diabetes,North Dakota,204,26.2
4420,2004,Diabetes mellitus (E10-E14),Diabetes,North Dakota,209,26.6
4421,2003,Diabetes mellitus (E10-E14),Diabetes,North Dakota,211,27
4422,2002,Diabetes mellitus (E10-E14),Diabetes,North Dakota,214,27.1
4423,2001,Diabetes mellitus (E10-E14),Diabetes,North Dakota,196,25.8
4424,2000,Diabetes mellitus (E10-E14),Diabetes,North Dakota,203,26.6
4425,1999,Diabetes mellitus (E10-E14),Diabetes,North Dakota,203,26.7
4426,2016,Diabetes mellitus (E10-E14),Diabetes,Ohio,3568,24.6
4427,2015,Diabetes mellitus (E10-E14),Diabetes,Ohio,3645,25.3
4428,2014,Diabetes mellitus (E10-E14),Diabetes,Ohio,3641,25.7
4429,2013,Diabetes mellitus (E10-E14),Diabetes,Ohio,3563,25.4
4430,2012,Diabetes mellitus (E10-E14),Diabetes,Ohio,3618,26.1
4431,2011,Diabetes mellitus (E10-E14),Diabetes,Ohio,3668,26.8
4432,2010,Diabetes mellitus (E10-E14),Diabetes,Ohio,3470,25.8
4433,2009,Diabetes mellitus (E10-E14),Diabetes,Ohio,3401,25.7
4434,2008,Diabetes mellitus (E10-E14),Diabetes,Ohio,3565,27.2
4435,2007,Diabetes mellitus (E10-E14),Diabetes,Ohio,3722,29
4436,2006,Diabetes mellitus (E10-E14),Diabetes,Ohio,3761,29.6
4437,2005,Diabetes mellitus (E10-E14),Diabetes,Ohio,3794,30.5
4438,2004,Diabetes mellitus (E10-E14),Diabetes,Ohio,3615,29.3
4439,2003,Diabetes mellitus (E10-E14),Diabetes,Ohio,3731,30.6
4440,2002,Diabetes mellitus (E10-E14),Diabetes,Ohio,3846,32
4441,2001,Diabetes mellitus (E10-E14),Diabetes,Ohio,3750,31.5
4442,2000,Diabetes mellitus (E10-E14),Diabetes,Ohio,3691,31.4
4443,1999,Diabetes mellitus (E10-E14),Diabetes,Ohio,3675,31.4
4444,2016,Diabetes mellitus (E10-E14),Diabetes,Oklahoma,1393,30.8
4445,2015,Diabetes mellitus (E10-E14),Diabetes,Oklahoma,1442,32.4
4446,2014,Diabetes mellitus (E10-E14),Diabetes,Oklahoma,1261,29.1
4447,2013,Diabetes mellitus (E10-E14),Diabetes,Oklahoma,1269,29.9
4448,2012,Diabetes mellitus (E10-E14),Diabetes,Oklahoma,1201,28.4
4449,2011,Diabetes mellitus (E10-E14),Diabetes,Oklahoma,1221,29.7
4450,2010,Diabetes mellitus (E10-E14),Diabetes,Oklahoma,1089,26.9
4451,2009,Diabetes mellitus (E10-E14),Diabetes,Oklahoma,1146,28.7
4452,2008,Diabetes mellitus (E10-E14),Diabetes,Oklahoma,1103,28.3
4453,2007,Diabetes mellitus (E10-E14),Diabetes,Oklahoma,1148,29.8
4454,2006,Diabetes mellitus (E10-E14),Diabetes,Oklahoma,1166,30.6
4455,2005,Diabetes mellitus (E10-E14),Diabetes,Oklahoma,1217,32.6
4456,2004,Diabetes mellitus (E10-E14),Diabetes,Oklahoma,1139,30.9
4457,2003,Diabetes mellitus (E10-E14),Diabetes,Oklahoma,1104,30.4
4458,2002,Diabetes mellitus (E10-E14),Diabetes,Oklahoma,1064,29.5
4459,2001,Diabetes mellitus (E10-E14),Diabetes,Oklahoma,1065,29.7
4460,2000,Diabetes mellitus (E10-E14),Diabetes,Oklahoma,978,27.5
4461,1999,Diabetes mellitus (E10-E14),Diabetes,Oklahoma,986,27.9
4462,2016,Diabetes mellitus (E10-E14),Diabetes,Oregon,1240,24
4463,2015,Diabetes mellitus (E10-E14),Diabetes,Oregon,1148,22.9
4464,2014,Diabetes mellitus (E10-E14),Diabetes,Oregon,1083,22.4
4465,2013,Diabetes mellitus (E10-E14),Diabetes,Oregon,1109,23.4
4466,2012,Diabetes mellitus (E10-E14),Diabetes,Oregon,1126,24.3
4467,2011,Diabetes mellitus (E10-E14),Diabetes,Oregon,1113,24.6
4468,2010,Diabetes mellitus (E10-E14),Diabetes,Oregon,1052,23.7
4469,2009,Diabetes mellitus (E10-E14),Diabetes,Oregon,1073,24.8
4470,2008,Diabetes mellitus (E10-E14),Diabetes,Oregon,1025,24
4471,2007,Diabetes mellitus (E10-E14),Diabetes,Oregon,1113,27
4472,2006,Diabetes mellitus (E10-E14),Diabetes,Oregon,1139,28.2
4473,2005,Diabetes mellitus (E10-E14),Diabetes,Oregon,1149,29.3
4474,2004,Diabetes mellitus (E10-E14),Diabetes,Oregon,1073,27.9
4475,2003,Diabetes mellitus (E10-E14),Diabetes,Oregon,1032,27.3
4476,2002,Diabetes mellitus (E10-E14),Diabetes,Oregon,1041,28.2
4477,2001,Diabetes mellitus (E10-E14),Diabetes,Oregon,1011,28
4478,2000,Diabetes mellitus (E10-E14),Diabetes,Oregon,844,23.8
4479,1999,Diabetes mellitus (E10-E14),Diabetes,Oregon,860,24.6
4480,2016,Diabetes mellitus (E10-E14),Diabetes,Pennsylvania,3560,20.3
4481,2015,Diabetes mellitus (E10-E14),Diabetes,Pennsylvania,3777,22.1
4482,2014,Diabetes mellitus (E10-E14),Diabetes,Pennsylvania,3765,22
4483,2013,Diabetes mellitus (E10-E14),Diabetes,Pennsylvania,3804,22.6
4484,2012,Diabetes mellitus (E10-E14),Diabetes,Pennsylvania,3735,22.3
4485,2011,Diabetes mellitus (E10-E14),Diabetes,Pennsylvania,3462,21.1
4486,2010,Diabetes mellitus (E10-E14),Diabetes,Pennsylvania,3242,20
4487,2009,Diabetes mellitus (E10-E14),Diabetes,Pennsylvania,3254,20.3
4488,2008,Diabetes mellitus (E10-E14),Diabetes,Pennsylvania,3313,20.8
4489,2007,Diabetes mellitus (E10-E14),Diabetes,Pennsylvania,3442,21.9
4490,2006,Diabetes mellitus (E10-E14),Diabetes,Pennsylvania,3466,22.3
4491,2005,Diabetes mellitus (E10-E14),Diabetes,Pennsylvania,3553,23.2
4492,2004,Diabetes mellitus (E10-E14),Diabetes,Pennsylvania,3579,23.6
4493,2003,Diabetes mellitus (E10-E14),Diabetes,Pennsylvania,3732,24.8
4494,2002,Diabetes mellitus (E10-E14),Diabetes,Pennsylvania,3708,24.8
4495,2001,Diabetes mellitus (E10-E14),Diabetes,Pennsylvania,3826,25.9
4496,2000,Diabetes mellitus (E10-E14),Diabetes,Pennsylvania,3794,25.8
4497,1999,Diabetes mellitus (E10-E14),Diabetes,Pennsylvania,3742,25.5
4498,2016,Diabetes mellitus (E10-E14),Diabetes,Rhode Island,239,16.9
4499,2015,Diabetes mellitus (E10-E14),Diabetes,Rhode Island,276,20.2
4500,2014,Diabetes mellitus (E10-E14),Diabetes,Rhode Island,252,18.3
4501,2013,Diabetes mellitus (E10-E14),Diabetes,Rhode Island,258,18.9
4502,2012,Diabetes mellitus (E10-E14),Diabetes,Rhode Island,198,14.7
4503,2011,Diabetes mellitus (E10-E14),Diabetes,Rhode Island,180,13.4
4504,2010,Diabetes mellitus (E10-E14),Diabetes,Rhode Island,211,16
4505,2009,Diabetes mellitus (E10-E14),Diabetes,Rhode Island,213,16.6
4506,2008,Diabetes mellitus (E10-E14),Diabetes,Rhode Island,195,15.1
4507,2007,Diabetes mellitus (E10-E14),Diabetes,Rhode Island,248,19.1
4508,2006,Diabetes mellitus (E10-E14),Diabetes,Rhode Island,206,16.2
4509,2005,Diabetes mellitus (E10-E14),Diabetes,Rhode Island,282,22.3
4510,2004,Diabetes mellitus (E10-E14),Diabetes,Rhode Island,280,22.4
4511,2003,Diabetes mellitus (E10-E14),Diabetes,Rhode Island,252,20.4
4512,2002,Diabetes mellitus (E10-E14),Diabetes,Rhode Island,263,21.5
4513,2001,Diabetes mellitus (E10-E14),Diabetes,Rhode Island,265,21.9
4514,2000,Diabetes mellitus (E10-E14),Diabetes,Rhode Island,292,24.1
4515,1999,Diabetes mellitus (E10-E14),Diabetes,Rhode Island,236,20.1
4516,2016,Diabetes mellitus (E10-E14),Diabetes,South Carolina,1369,22.3
4517,2015,Diabetes mellitus (E10-E14),Diabetes,South Carolina,1347,23.4
4518,2014,Diabetes mellitus (E10-E14),Diabetes,South Carolina,1239,21.8
4519,2013,Diabetes mellitus (E10-E14),Diabetes,South Carolina,1240,22.5
4520,2012,Diabetes mellitus (E10-E14),Diabetes,South Carolina,1197,22.3
4521,2011,Diabetes mellitus (E10-E14),Diabetes,South Carolina,1090,21
4522,2010,Diabetes mellitus (E10-E14),Diabetes,South Carolina,1128,22.6
4523,2009,Diabetes mellitus (E10-E14),Diabetes,South Carolina,1128,23.1
4524,2008,Diabetes mellitus (E10-E14),Diabetes,South Carolina,1133,23.9
4525,2007,Diabetes mellitus (E10-E14),Diabetes,South Carolina,1231,26.7
4526,2006,Diabetes mellitus (E10-E14),Diabetes,South Carolina,1136,25.5
4527,2005,Diabetes mellitus (E10-E14),Diabetes,South Carolina,1187,27.6
4528,2004,Diabetes mellitus (E10-E14),Diabetes,South Carolina,1165,27.8
4529,2003,Diabetes mellitus (E10-E14),Diabetes,South Carolina,1161,28.3
4530,2002,Diabetes mellitus (E10-E14),Diabetes,South Carolina,1112,27.8
4531,2001,Diabetes mellitus (E10-E14),Diabetes,South Carolina,1088,27.7
4532,2000,Diabetes mellitus (E10-E14),Diabetes,South Carolina,1206,31.5
4533,1999,Diabetes mellitus (E10-E14),Diabetes,South Carolina,1118,29.6
4534,2016,Diabetes mellitus (E10-E14),Diabetes,South Dakota,253,23.7
4535,2015,Diabetes mellitus (E10-E14),Diabetes,South Dakota,282,26.3
4536,2014,Diabetes mellitus (E10-E14),Diabetes,South Dakota,224,21.3
4537,2013,Diabetes mellitus (E10-E14),Diabetes,South Dakota,237,22.7
4538,2012,Diabetes mellitus (E10-E14),Diabetes,South Dakota,218,21.5
4539,2011,Diabetes mellitus (E10-E14),Diabetes,South Dakota,263,26.4
4540,2010,Diabetes mellitus (E10-E14),Diabetes,South Dakota,240,24.5
4541,2009,Diabetes mellitus (E10-E14),Diabetes,South Dakota,202,21.1
4542,2008,Diabetes mellitus (E10-E14),Diabetes,South Dakota,216,22.3
4543,2007,Diabetes mellitus (E10-E14),Diabetes,South Dakota,247,26.1
4544,2006,Diabetes mellitus (E10-E14),Diabetes,South Dakota,262,27.6
4545,2005,Diabetes mellitus (E10-E14),Diabetes,South Dakota,241,26.2
4546,2004,Diabetes mellitus (E10-E14),Diabetes,South Dakota,229,25.4
4547,2003,Diabetes mellitus (E10-E14),Diabetes,South Dakota,203,23
4548,2002,Diabetes mellitus (E10-E14),Diabetes,South Dakota,195,22.8
4549,2001,Diabetes mellitus (E10-E14),Diabetes,South Dakota,212,24.4
4550,2000,Diabetes mellitus (E10-E14),Diabetes,South Dakota,180,20.7
4551,1999,Diabetes mellitus (E10-E14),Diabetes,South Dakota,196,23.1
4552,2016,Diabetes mellitus (E10-E14),Diabetes,Tennessee,1883,24
4553,2015,Diabetes mellitus (E10-E14),Diabetes,Tennessee,1798,23.4
4554,2014,Diabetes mellitus (E10-E14),Diabetes,Tennessee,1727,23.2
4555,2013,Diabetes mellitus (E10-E14),Diabetes,Tennessee,1827,24.8
4556,2012,Diabetes mellitus (E10-E14),Diabetes,Tennessee,1852,25.8
4557,2011,Diabetes mellitus (E10-E14),Diabetes,Tennessee,1748,25
4558,2010,Diabetes mellitus (E10-E14),Diabetes,Tennessee,1687,24.7
4559,2009,Diabetes mellitus (E10-E14),Diabetes,Tennessee,1759,26.2
4560,2008,Diabetes mellitus (E10-E14),Diabetes,Tennessee,1733,26.4
4561,2007,Diabetes mellitus (E10-E14),Diabetes,Tennessee,1700,26.7
4562,2006,Diabetes mellitus (E10-E14),Diabetes,Tennessee,1715,27.4
4563,2005,Diabetes mellitus (E10-E14),Diabetes,Tennessee,1844,30.3
4564,2004,Diabetes mellitus (E10-E14),Diabetes,Tennessee,1882,31.6
4565,2003,Diabetes mellitus (E10-E14),Diabetes,Tennessee,1855,31.7
4566,2002,Diabetes mellitus (E10-E14),Diabetes,Tennessee,1749,30.5
4567,2001,Diabetes mellitus (E10-E14),Diabetes,Tennessee,1746,30.7
4568,2000,Diabetes mellitus (E10-E14),Diabetes,Tennessee,1591,28.5
4569,1999,Diabetes mellitus (E10-E14),Diabetes,Tennessee,1436,26.1
4570,2016,Diabetes mellitus (E10-E14),Diabetes,Texas,5470,20.3
4571,2015,Diabetes mellitus (E10-E14),Diabetes,Texas,5521,21.2
4572,2014,Diabetes mellitus (E10-E14),Diabetes,Texas,5348,21.3
4573,2013,Diabetes mellitus (E10-E14),Diabetes,Texas,5273,21.6
4574,2012,Diabetes mellitus (E10-E14),Diabetes,Texas,5136,21.9
4575,2011,Diabetes mellitus (E10-E14),Diabetes,Texas,5091,22.4
4576,2010,Diabetes mellitus (E10-E14),Diabetes,Texas,4744,21.6
4577,2009,Diabetes mellitus (E10-E14),Diabetes,Texas,4873,22.8
4578,2008,Diabetes mellitus (E10-E14),Diabetes,Texas,5155,24.9
4579,2007,Diabetes mellitus (E10-E14),Diabetes,Texas,5109,25.3
4580,2006,Diabetes mellitus (E10-E14),Diabetes,Texas,5201,26.5
4581,2005,Diabetes mellitus (E10-E14),Diabetes,Texas,5605,29.7
4582,2004,Diabetes mellitus (E10-E14),Diabetes,Texas,5435,29.7
4583,2003,Diabetes mellitus (E10-E14),Diabetes,Texas,5668,31.6
4584,2002,Diabetes mellitus (E10-E14),Diabetes,Texas,5654,32.3
4585,2001,Diabetes mellitus (E10-E14),Diabetes,Texas,5456,31.9
4586,2000,Diabetes mellitus (E10-E14),Diabetes,Texas,5196,31.1
4587,1999,Diabetes mellitus (E10-E14),Diabetes,Texas,4931,29.9
4588,2016,Diabetes mellitus (E10-E14),Diabetes,United States,80058,21
4589,2015,Diabetes mellitus (E10-E14),Diabetes,United States,79535,21.3
4590,2014,Diabetes mellitus (E10-E14),Diabetes,United States,76488,20.9
4591,2013,Diabetes mellitus (E10-E14),Diabetes,United States,75578,21.2
4592,2012,Diabetes mellitus (E10-E14),Diabetes,United States,73932,21.2
4593,2011,Diabetes mellitus (E10-E14),Diabetes,United States,73831,21.7
4594,2010,Diabetes mellitus (E10-E14),Diabetes,United States,69071,20.8
4595,2009,Diabetes mellitus (E10-E14),Diabetes,United States,68705,21.1
4596,2008,Diabetes mellitus (E10-E14),Diabetes,United States,70553,22
4597,2007,Diabetes mellitus (E10-E14),Diabetes,United States,71382,22.8
4598,2006,Diabetes mellitus (E10-E14),Diabetes,United States,72449,23.6
4599,2005,Diabetes mellitus (E10-E14),Diabetes,United States,75119,24.9
4600,2004,Diabetes mellitus (E10-E14),Diabetes,United States,73138,24.8
4601,2003,Diabetes mellitus (E10-E14),Diabetes,United States,74219,25.5
4602,2002,Diabetes mellitus (E10-E14),Diabetes,United States,73249,25.6
4603,2001,Diabetes mellitus (E10-E14),Diabetes,United States,71372,25.4
4604,2000,Diabetes mellitus (E10-E14),Diabetes,United States,69301,25.1
4605,1999,Diabetes mellitus (E10-E14),Diabetes,United States,68399,25
4606,2016,Diabetes mellitus (E10-E14),Diabetes,Utah,624,24.6
4607,2015,Diabetes mellitus (E10-E14),Diabetes,Utah,604,24.6
4608,2014,Diabetes mellitus (E10-E14),Diabetes,Utah,570,24.3
4609,2013,Diabetes mellitus (E10-E14),Diabetes,Utah,578,25.3
4610,2012,Diabetes mellitus (E10-E14),Diabetes,Utah,541,24.6
4611,2011,Diabetes mellitus (E10-E14),Diabetes,Utah,561,26
4612,2010,Diabetes mellitus (E10-E14),Diabetes,Utah,471,22.7
4613,2009,Diabetes mellitus (E10-E14),Diabetes,Utah,463,22.6
4614,2008,Diabetes mellitus (E10-E14),Diabetes,Utah,468,23.7
4615,2007,Diabetes mellitus (E10-E14),Diabetes,Utah,548,28.8
4616,2006,Diabetes mellitus (E10-E14),Diabetes,Utah,496,27
4617,2005,Diabetes mellitus (E10-E14),Diabetes,Utah,541,31
4618,2004,Diabetes mellitus (E10-E14),Diabetes,Utah,485,28.6
4619,2003,Diabetes mellitus (E10-E14),Diabetes,Utah,520,31.5
4620,2002,Diabetes mellitus (E10-E14),Diabetes,Utah,514,31.8
4621,2001,Diabetes mellitus (E10-E14),Diabetes,Utah,509,32.2
4622,2000,Diabetes mellitus (E10-E14),Diabetes,Utah,530,34.8
4623,1999,Diabetes mellitus (E10-E14),Diabetes,Utah,472,31.4
4624,2016,Diabetes mellitus (E10-E14),Diabetes,Vermont,166,20.5
4625,2015,Diabetes mellitus (E10-E14),Diabetes,Vermont,159,19.8
4626,2014,Diabetes mellitus (E10-E14),Diabetes,Vermont,154,18.7
4627,2013,Diabetes mellitus (E10-E14),Diabetes,Vermont,139,17.4
4628,2012,Diabetes mellitus (E10-E14),Diabetes,Vermont,168,21.4
4629,2011,Diabetes mellitus (E10-E14),Diabetes,Vermont,168,21.5
4630,2010,Diabetes mellitus (E10-E14),Diabetes,Vermont,151,20.7
4631,2009,Diabetes mellitus (E10-E14),Diabetes,Vermont,143,19.2
4632,2008,Diabetes mellitus (E10-E14),Diabetes,Vermont,151,21.1
4633,2007,Diabetes mellitus (E10-E14),Diabetes,Vermont,170,24.4
4634,2006,Diabetes mellitus (E10-E14),Diabetes,Vermont,175,25
4635,2005,Diabetes mellitus (E10-E14),Diabetes,Vermont,173,25.8
4636,2004,Diabetes mellitus (E10-E14),Diabetes,Vermont,150,22.6
4637,2003,Diabetes mellitus (E10-E14),Diabetes,Vermont,183,27.7
4638,2002,Diabetes mellitus (E10-E14),Diabetes,Vermont,174,27
4639,2001,Diabetes mellitus (E10-E14),Diabetes,Vermont,155,24.3
4640,2000,Diabetes mellitus (E10-E14),Diabetes,Vermont,163,26.1
4641,1999,Diabetes mellitus (E10-E14),Diabetes,Vermont,179,29.3
4642,2016,Diabetes mellitus (E10-E14),Diabetes,Virginia,2062,21.7
4643,2015,Diabetes mellitus (E10-E14),Diabetes,Virginia,2044,21.9
4644,2014,Diabetes mellitus (E10-E14),Diabetes,Virginia,1683,18.5
4645,2013,Diabetes mellitus (E10-E14),Diabetes,Virginia,1626,18.4
4646,2012,Diabetes mellitus (E10-E14),Diabetes,Virginia,1603,18.6
4647,2011,Diabetes mellitus (E10-E14),Diabetes,Virginia,1643,19.5
4648,2010,Diabetes mellitus (E10-E14),Diabetes,Virginia,1530,18.8
4649,2009,Diabetes mellitus (E10-E14),Diabetes,Virginia,1560,19.5
4650,2008,Diabetes mellitus (E10-E14),Diabetes,Virginia,1534,19.8
4651,2007,Diabetes mellitus (E10-E14),Diabetes,Virginia,1507,20
4652,2006,Diabetes mellitus (E10-E14),Diabetes,Virginia,1632,22.1
4653,2005,Diabetes mellitus (E10-E14),Diabetes,Virginia,1642,22.9
4654,2004,Diabetes mellitus (E10-E14),Diabetes,Virginia,1602,22.9
4655,2003,Diabetes mellitus (E10-E14),Diabetes,Virginia,1587,23
4656,2002,Diabetes mellitus (E10-E14),Diabetes,Virginia,1558,23.2
4657,2001,Diabetes mellitus (E10-E14),Diabetes,Virginia,1613,24.6
4658,2000,Diabetes mellitus (E10-E14),Diabetes,Virginia,1564,24.4
4659,1999,Diabetes mellitus (E10-E14),Diabetes,Virginia,1486,23.6
4660,2016,Diabetes mellitus (E10-E14),Diabetes,Washington,1673,20.3
4661,2015,Diabetes mellitus (E10-E14),Diabetes,Washington,1811,22.4
4662,2014,Diabetes mellitus (E10-E14),Diabetes,Washington,1668,21.2
4663,2013,Diabetes mellitus (E10-E14),Diabetes,Washington,1616,21.3
4664,2012,Diabetes mellitus (E10-E14),Diabetes,Washington,1650,22.4
4665,2011,Diabetes mellitus (E10-E14),Diabetes,Washington,1633,22.6
4666,2010,Diabetes mellitus (E10-E14),Diabetes,Washington,1499,21.6
4667,2009,Diabetes mellitus (E10-E14),Diabetes,Washington,1554,22.8
4668,2008,Diabetes mellitus (E10-E14),Diabetes,Washington,1590,24.1
4669,2007,Diabetes mellitus (E10-E14),Diabetes,Washington,1508,23.5
4670,2006,Diabetes mellitus (E10-E14),Diabetes,Washington,1543,24.7
4671,2005,Diabetes mellitus (E10-E14),Diabetes,Washington,1554,25.5
4672,2004,Diabetes mellitus (E10-E14),Diabetes,Washington,1508,25.3
4673,2003,Diabetes mellitus (E10-E14),Diabetes,Washington,1509,26.1
4674,2002,Diabetes mellitus (E10-E14),Diabetes,Washington,1494,26.3
4675,2001,Diabetes mellitus (E10-E14),Diabetes,Washington,1403,25.3
4676,2000,Diabetes mellitus (E10-E14),Diabetes,Washington,1331,24.5
4677,1999,Diabetes mellitus (E10-E14),Diabetes,Washington,1307,24.5
4678,2016,Diabetes mellitus (E10-E14),Diabetes,West Virginia,860,34.8
4679,2015,Diabetes mellitus (E10-E14),Diabetes,West Virginia,784,31.7
4680,2014,Diabetes mellitus (E10-E14),Diabetes,West Virginia,818,33.3
4681,2013,Diabetes mellitus (E10-E14),Diabetes,West Virginia,841,34.1
4682,2012,Diabetes mellitus (E10-E14),Diabetes,West Virginia,741,30.5
4683,2011,Diabetes mellitus (E10-E14),Diabetes,West Virginia,790,33.3
4684,2010,Diabetes mellitus (E10-E14),Diabetes,West Virginia,776,32.9
4685,2009,Diabetes mellitus (E10-E14),Diabetes,West Virginia,746,32
4686,2008,Diabetes mellitus (E10-E14),Diabetes,West Virginia,753,32.7
4687,2007,Diabetes mellitus (E10-E14),Diabetes,West Virginia,800,35.2
4688,2006,Diabetes mellitus (E10-E14),Diabetes,West Virginia,743,33
4689,2005,Diabetes mellitus (E10-E14),Diabetes,West Virginia,766,34.5
4690,2004,Diabetes mellitus (E10-E14),Diabetes,West Virginia,840,38.2
4691,2003,Diabetes mellitus (E10-E14),Diabetes,West Virginia,807,37.1
4692,2002,Diabetes mellitus (E10-E14),Diabetes,West Virginia,846,39.5
4693,2001,Diabetes mellitus (E10-E14),Diabetes,West Virginia,802,37.7
4694,2000,Diabetes mellitus (E10-E14),Diabetes,West Virginia,759,35.9
4695,1999,Diabetes mellitus (E10-E14),Diabetes,West Virginia,734,34.8
4696,2016,Diabetes mellitus (E10-E14),Diabetes,Wisconsin,1440,19.9
4697,2015,Diabetes mellitus (E10-E14),Diabetes,Wisconsin,1382,19.4
4698,2014,Diabetes mellitus (E10-E14),Diabetes,Wisconsin,1352,19.1
4699,2013,Diabetes mellitus (E10-E14),Diabetes,Wisconsin,1285,18.5
4700,2012,Diabetes mellitus (E10-E14),Diabetes,Wisconsin,1289,19
4701,2011,Diabetes mellitus (E10-E14),Diabetes,Wisconsin,1197,17.9
4702,2010,Diabetes mellitus (E10-E14),Diabetes,Wisconsin,1158,17.7
4703,2009,Diabetes mellitus (E10-E14),Diabetes,Wisconsin,1110,17.2
4704,2008,Diabetes mellitus (E10-E14),Diabetes,Wisconsin,1152,18.2
4705,2007,Diabetes mellitus (E10-E14),Diabetes,Wisconsin,1136,18.3
4706,2006,Diabetes mellitus (E10-E14),Diabetes,Wisconsin,1212,19.7
4707,2005,Diabetes mellitus (E10-E14),Diabetes,Wisconsin,1276,21
4708,2004,Diabetes mellitus (E10-E14),Diabetes,Wisconsin,1310,21.9
4709,2003,Diabetes mellitus (E10-E14),Diabetes,Wisconsin,1331,22.7
4710,2002,Diabetes mellitus (E10-E14),Diabetes,Wisconsin,1353,23.4
4711,2001,Diabetes mellitus (E10-E14),Diabetes,Wisconsin,1337,23.5
4712,2000,Diabetes mellitus (E10-E14),Diabetes,Wisconsin,1309,23.3
4713,1999,Diabetes mellitus (E10-E14),Diabetes,Wisconsin,1273,22.9
4714,2016,Diabetes mellitus (E10-E14),Diabetes,Wyoming,112,16.6
4715,2015,Diabetes mellitus (E10-E14),Diabetes,Wyoming,136,20.8
4716,2014,Diabetes mellitus (E10-E14),Diabetes,Wyoming,110,17.6
4717,2013,Diabetes mellitus (E10-E14),Diabetes,Wyoming,89,14.2
4718,2012,Diabetes mellitus (E10-E14),Diabetes,Wyoming,97,15.9
4719,2011,Diabetes mellitus (E10-E14),Diabetes,Wyoming,108,18.4
4720,2010,Diabetes mellitus (E10-E14),Diabetes,Wyoming,105,18.5
4721,2009,Diabetes mellitus (E10-E14),Diabetes,Wyoming,105,18.1
4722,2008,Diabetes mellitus (E10-E14),Diabetes,Wyoming,130,24.1
4723,2007,Diabetes mellitus (E10-E14),Diabetes,Wyoming,139,26.3
4724,2006,Diabetes mellitus (E10-E14),Diabetes,Wyoming,126,23.9
4725,2005,Diabetes mellitus (E10-E14),Diabetes,Wyoming,130,25.8
4726,2004,Diabetes mellitus (E10-E14),Diabetes,Wyoming,110,22.2
4727,2003,Diabetes mellitus (E10-E14),Diabetes,Wyoming,138,27.8
4728,2002,Diabetes mellitus (E10-E14),Diabetes,Wyoming,145,30.5
4729,2001,Diabetes mellitus (E10-E14),Diabetes,Wyoming,120,25.7
4730,2000,Diabetes mellitus (E10-E14),Diabetes,Wyoming,111,24.1
4731,1999,Diabetes mellitus (E10-E14),Diabetes,Wyoming,135,29.8
4732,2016,Diseases of heart (I00-I09 I11 I13 I20-I51),Heart disease,Alabama,12832,222.5
4733,2015,Diseases of heart (I00-I09 I11 I13 I20-I51),Heart disease,Alabama,12981,229.7
4734,2014,Diseases of heart (I00-I09 I11 I13 I20-I51),Heart disease,Alabama,12461,224
4735,2013,Diseases of heart (I00-I09 I11 I13 I20-I51),Heart disease,Alabama,12472,228.4
4736,2012,Diseases of heart (I00-I09 I11 I13 I20-I51),Heart disease,Alabama,12036,225.1
4737,2011,Diseases of heart (I00-I09 I11 I13 I20-I51),Heart disease,Alabama,11942,228.7
4738,2010,Diseases of heart (I00-I09 I11 I13 I20-I51),Heart disease,Alabama,12083,236
4739,2009,Diseases of heart (I00-I09 I11 I13 I20-I51),Heart disease,Alabama,12021,238
4740,2008,Diseases of heart (I00-I09 I11 I13 I20-I51),Heart disease,Alabama,12074,243.3
4741,2007,Diseases of heart (I00-I09 I11 I13 I20-I51),Heart disease,Alabama,11926,245
4742,2006,Diseases of heart (I00-I09 I11 I13 I20-I51),Heart disease,Alabama,12583,263
4743,2005,Diseases of heart (I00-I09 I11 I13 I20-I51),Heart disease,Alabama,12869,274.5
4744,2004,Diseases of heart (I00-I09 I11 I13 I20-I51),Heart disease,Alabama,12774,278.1
4745,2003,Diseases of heart (I00-I09 I11 I13 I20-I51),Heart disease,Alabama,13150,288.5
4746,2002,Diseases of heart (I00-I09 I11 I13 I20-I51),Heart disease,Alabama,13197,291.3
4747,2001,Diseases of heart (I00-I09 I11 I13 I20-I51),Heart disease,Alabama,13207,292.7
4748,2000,Diseases of heart (I00-I09 I11 I13 I20-I51),Heart disease,Alabama,13406,299.5
4749,1999,Diseases of heart (I00-I09 I11 I13 I20-I51),Heart disease,Alabama,13419,303
4750,2016,Diseases of heart (I00-I09 I11 I13 I20-I51),Heart disease,Alaska,831,141
4751,2015,Diseases of heart (I00-I09 I11 I13 I20-I51),Heart disease,Alaska,846,154.1
4752,2014,Diseases of heart (I00-I09 I11 I13 I20-I51),Heart disease,Alaska,782,146.6
4753,2013,Diseases of heart (I00-I09 I11 I13 I20-I51),Heart disease,Alaska,706,135
4754,2012,Diseases of heart (I00-I09 I11 I13 I20-I51),Heart disease,Alaska,708,136.5
4755,2011,Diseases of heart (I00-I09 I11 I13 I20-I51),Heart disease,Alaska,739,149.6
4756,2010,Diseases of heart (I00-I09 I11 I13 I20-I51),Heart disease,Alaska,707,151.5
4757,2009,Diseases of heart (I00-I09 I11 I13 I20-I51),Heart disease,Alaska,714,158.9
4758,2008,Diseases of heart (I00-I09 I11 I13 I20-I51),Heart disease,Alaska,634,150.1
4759,2007,Diseases of heart (I00-I09 I11 I13 I20-I51),Heart disease,Alaska,613,154.2
4760,2006,Diseases of heart (I00-I09 I11 I13 I20-I51),Heart disease,Alaska,645,170.6
4761,2005,Diseases of heart (I00-I09 I11 I13 I20-I51),Heart disease,Alaska,627,166.1
4762,2004,Diseases of heart (I00-I09 I11 I13 I20-I51),Heart disease,Alaska,589,160.1
4763,2003,Diseases of heart (I00-I09 I11 I13 I20-I51),Heart disease,Alaska,626,185.5
4764,2002,Diseases of heart (I00-I09 I11 I13 I20-I51),Heart disease,Alaska,567,169.3
4765,2001,Diseases of heart (I00-I09 I11 I13 I20-I51),Heart disease,Alaska,603,189.1
4766,2000,Diseases of heart (I00-I09 I11 I13 I20-I51),Heart disease,Alaska,607,211.7
4767,1999,Diseases of heart (I00-I09 I11 I13 I20-I51),Heart disease,Alaska,563,198
4768,2016,Diseases of heart (I00-I09 I11 I13 I20-I51),Heart disease,Arizona,11957,138.9
4769,2015,Diseases of heart (I00-I09 I11 I13 I20-I51),Heart disease,Arizona,11458,138.8
4770,2014,Diseases of heart (I00-I09 I11 I13 I20-I51),Heart disease,Arizona,10805,136.4
4771,2013,Diseases of heart (I00-I09 I11 I13 I20-I51),Heart disease,Arizona,10755,141.1
4772,2012,Diseases of heart (I00-I09 I11 I13 I20-I51),Heart disease,Arizona,10689,145.5
4773,2011,Diseases of heart (I00-I09 I11 I13 I20-I51),Heart disease,Arizona,10662,150.3
4774,2010,Diseases of heart (I00-I09 I11 I13 I20-I51),Heart disease,Arizona,9954,146.7
4775,2009,Diseases of heart (I00-I09 I11 I13 I20-I51),Heart disease,Arizona,10273,155.7
4776,2008,Diseases of heart (I00-I09 I11 I13 I20-I51),Heart disease,Arizona,10385,162.3
4777,2007,Diseases of heart (I00-I09 I11 I13 I20-I51),Heart disease,Arizona,10302,166
4778,2006,Diseases of heart (I00-I09 I11 I13 I20-I51),Heart disease,Arizona,10607,176.5
4779,2005,Diseases of heart (I00-I09 I11 I13 I20-I51),Heart disease,Arizona,10966,189.8
4780,2004,Diseases of heart (I00-I09 I11 I13 I20-I51),Heart disease,Arizona,10539,190
4781,2003,Diseases of heart (I00-I09 I11 I13 I20-I51),Heart disease,Arizona,10887,202.2
4782,2002,Diseases of heart (I00-I09 I11 I13 I20-I51),Heart disease,Arizona,10852,207.9
4783,2001,Diseases of heart (I00-I09 I11 I13 I20-I51),Heart disease,Arizona,10588,207.3
4784,2000,Diseases of heart (I00-I09 I11 I13 I20-I51),Heart disease,Arizona,10584,214
4785,1999,Diseases of heart (I00-I09 I11 I13 I20-I51),Heart disease,Arizona,10800,223.1
4786,2016,Diseases of heart (I00-I09 I11 I13 I20-I51),Heart disease,Arkansas,8090,223.7
4787,2015,Diseases of heart (I00-I09 I11 I13 I20-I51),Heart disease,Arkansas,7938,223.2
4788,2014,Diseases of heart (I00-I09 I11 I13 I20-I51),Heart disease,Arkansas,7581,217.5
4789,2013,Diseases of heart (I00-I09 I11 I13 I20-I51),Heart disease,Arkansas,7377,214.1
4790,2012,Diseases of heart (I00-I09 I11 I13 I20-I51),Heart disease,Arkansas,7407,218.6
4791,2011,Diseases of heart (I00-I09 I11 I13 I20-I51),Heart disease,Arkansas,7168,213.8
4792,2010,Diseases of heart (I00-I09 I11 I13 I20-I51),Heart disease,Arkansas,7274,222.5
4793,2009,Diseases of heart (I00-I09 I11 I13 I20-I51),Heart disease,Arkansas,7295,226.1
4794,2008,Diseases of heart (I00-I09 I11 I13 I20-I51),Heart disease,Arkansas,7516,236.1
4795,2007,Diseases of heart (I00-I09 I11 I13 I20-I51),Heart disease,Arkansas,7214,230.1
4796,2006,Diseases of heart (I00-I09 I11 I13 I20-I51),Heart disease,Arkansas,7431,240.5
4797,2005,Diseases of heart (I00-I09 I11 I13 I20-I51),Heart disease,Arkansas,7575,250.3
4798,2004,Diseases of heart (I00-I09 I11 I13 I20-I51),Heart disease,Arkansas,7534,252.1
4799,2003,Diseases of heart (I00-I09 I11 I13 I20-I51),Heart disease,Arkansas,7786,262.5
4800,2002,Diseases of heart (I00-I09 I11 I13 I20-I51),Heart disease,Arkansas,8330,282.8
4801,2001,Diseases of heart (I00-I09 I11 I13 I20-I51),Heart disease,Arkansas,8263,281.8
4802,2000,Diseases of heart (I00-I09 I11 I13 I20-I51),Heart disease,Arkansas,8278,283.8
4803,1999,Diseases of heart (I00-I09 I11 I13 I20-I51),Heart disease,Arkansas,8315,287.8
4804,2016,Diseases of heart (I00-I09 I11 I13 I20-I51),Heart disease,California,61573,143.1
4805,2015,Diseases of heart (I00-I09 I11 I13 I20-I51),Heart disease,California,61289,145.6
4806,2014,Diseases of heart (I00-I09 I11 I13 I20-I51),Heart disease,California,58189,142.2
4807,2013,Diseases of heart (I00-I09 I11 I13 I20-I51),Heart disease,California,60299,151.8
4808,2012,Diseases of heart (I00-I09 I11 I13 I20-I51),Heart disease,California,59371,153.3
4809,2011,Diseases of heart (I00-I09 I11 I13 I20-I51),Heart disease,California,59772,159
4810,2010,Diseases of heart (I00-I09 I11 I13 I20-I51),Heart disease,California,58641,161.9
4811,2009,Diseases of heart (I00-I09 I11 I13 I20-I51),Heart disease,California,59206,166.9
4812,2008,Diseases of heart (I00-I09 I11 I13 I20-I51),Heart disease,California,60709,176.2
4813,2007,Diseases of heart (I00-I09 I11 I13 I20-I51),Heart disease,California,61690,183.9
4814,2006,Diseases of heart (I00-I09 I11 I13 I20-I51),Heart disease,California,64871,198.8
4815,2005,Diseases of heart (I00-I09 I11 I13 I20-I51),Heart disease,California,64916,203
4816,2004,Diseases of heart (I00-I09 I11 I13 I20-I51),Heart disease,California,64999,209
4817,2003,Diseases of heart (I00-I09 I11 I13 I20-I51),Heart disease,California,68864,225.1
4818,2002,Diseases of heart (I00-I09 I11 I13 I20-I51),Heart disease,California,68797,230.4
4819,2001,Diseases of heart (I00-I09 I11 I13 I20-I51),Heart disease,California,68234,233.6
4820,2000,Diseases of heart (I00-I09 I11 I13 I20-I51),Heart disease,California,68426,239.9
4821,1999,Diseases of heart (I00-I09 I11 I13 I20-I51),Heart disease,California,71930,257.3
4822,2016,Diseases of heart (I00-I09 I11 I13 I20-I51),Heart disease,Colorado,7277,129.8
4823,2015,Diseases of heart (I00-I09 I11 I13 I20-I51),Heart disease,Colorado,7009,128.4
4824,2014,Diseases of heart (I00-I09 I11 I13 I20-I51),Heart disease,Colorado,6900,130.3
4825,2013,Diseases of heart (I00-I09 I11 I13 I20-I51),Heart disease,Colorado,6456,125.7
4826,2012,Diseases of heart (I00-I09 I11 I13 I20-I51),Heart disease,Colorado,6311,127.3
4827,2011,Diseases of heart (I00-I09 I11 I13 I20-I51),Heart disease,Colorado,6177,129.8
4828,2010,Diseases of heart (I00-I09 I11 I13 I20-I51),Heart disease,Colorado,6038,132.8
4829,2009,Diseases of heart (I00-I09 I11 I13 I20-I51),Heart disease,Colorado,6093,136.5
4830,2008,Diseases of heart (I00-I09 I11 I13 I20-I51),Heart disease,Colorado,6118,142.5
4831,2007,Diseases of heart (I00-I09 I11 I13 I20-I51),Heart disease,Colorado,6106,147
4832,2006,Diseases of heart (I00-I09 I11 I13 I20-I51),Heart disease,Colorado,6124,152.7
4833,2005,Diseases of heart (I00-I09 I11 I13 I20-I51),Heart disease,Colorado,6307,164.8
4834,2004,Diseases of heart (I00-I09 I11 I13 I20-I51),Heart disease,Colorado,6079,163.6
4835,2003,Diseases of heart (I00-I09 I11 I13 I20-I51),Heart disease,Colorado,6499,180.3
4836,2002,Diseases of heart (I00-I09 I11 I13 I20-I51),Heart disease,Colorado,6425,182.7
4837,2001,Diseases of heart (I00-I09 I11 I13 I20-I51),Heart disease,Colorado,6293,183.3
4838,2000,Diseases of heart (I00-I09 I11 I13 I20-I51),Heart disease,Colorado,6184,185.3
4839,1999,Diseases of heart (I00-I09 I11 I13 I20-I51),Heart disease,Colorado,6420,196.3
4840,2016,Diseases of heart (I00-I09 I11 I13 I20-I51),Heart disease,Connecticut,7051,144.3
4841,2015,Diseases of heart (I00-I09 I11 I13 I20-I51),Heart disease,Connecticut,7205,147.8
4842,2014,Diseases of heart (I00-I09 I11 I13 I20-I51),Heart disease,Connecticut,7018,145.6
4843,2013,Diseases of heart (I00-I09 I11 I13 I20-I51),Heart disease,Connecticut,7090,148.9
4844,2012,Diseases of heart (I00-I09 I11 I13 I20-I51),Heart disease,Connecticut,7282,155.3
4845,2011,Diseases of heart (I00-I09 I11 I13 I20-I51),Heart disease,Connecticut,7206,155.2
4846,2010,Diseases of heart (I00-I09 I11 I13 I20-I51),Heart disease,Connecticut,7127,155.7
4847,2009,Diseases of heart (I00-I09 I11 I13 I20-I51),Heart disease,Connecticut,7105,157.7
4848,2008,Diseases of heart (I00-I09 I11 I13 I20-I51),Heart disease,Connecticut,7355,165.6
4849,2007,Diseases of heart (I00-I09 I11 I13 I20-I51),Heart disease,Connecticut,7289,167.4
4850,2006,Diseases of heart (I00-I09 I11 I13 I20-I51),Heart disease,Connecticut,7490,174.7
4851,2005,Diseases of heart (I00-I09 I11 I13 I20-I51),Heart disease,Connecticut,7650,180.7
4852,2004,Diseases of heart (I00-I09 I11 I13 I20-I51),Heart disease,Connecticut,7868,189.5
4853,2003,Diseases of heart (I00-I09 I11 I13 I20-I51),Heart disease,Connecticut,8389,204.1
4854,2002,Diseases of heart (I00-I09 I11 I13 I20-I51),Heart disease,Connecticut,8815,219.3
4855,2001,Diseases of heart (I00-I09 I11 I13 I20-I51),Heart disease,Connecticut,8582,218
4856,2000,Diseases of heart (I00-I09 I11 I13 I20-I51),Heart disease,Connecticut,8993,232.7
4857,1999,Diseases of heart (I00-I09 I11 I13 I20-I51),Heart disease,Connecticut,9127,238.8
4858,2016,Diseases of heart (I00-I09 I11 I13 I20-I51),Heart disease,Delaware,1974,163.2
4859,2015,Diseases of heart (I00-I09 I11 I13 I20-I51),Heart disease,Delaware,1940,165.2
4860,2014,Diseases of heart (I00-I09 I11 I13 I20-I51),Heart disease,Delaware,1921,168.7
4861,2013,Diseases of heart (I00-I09 I11 I13 I20-I51),Heart disease,Delaware,1861,168
4862,2012,Diseases of heart (I00-I09 I11 I13 I20-I51),Heart disease,Delaware,1790,168.8
4863,2011,Diseases of heart (I00-I09 I11 I13 I20-I51),Heart disease,Delaware,1809,175.2
4864,2010,Diseases of heart (I00-I09 I11 I13 I20-I51),Heart disease,Delaware,1776,175.7
4865,2009,Diseases of heart (I00-I09 I11 I13 I20-I51),Heart disease,Delaware,1796,182.3
4866,2008,Diseases of heart (I00-I09 I11 I13 I20-I51),Heart disease,Delaware,1777,184.3
4867,2007,Diseases of heart (I00-I09 I11 I13 I20-I51),Heart disease,Delaware,1914,205.1
4868,2006,Diseases of heart (I00-I09 I11 I13 I20-I51),Heart disease,Delaware,1866,206
4869,2005,Diseases of heart (I00-I09 I11 I13 I20-I51),Heart disease,Delaware,2031,232.3
4870,2004,Diseases of heart (I00-I09 I11 I13 I20-I51),Heart disease,Delaware,2015,238.1
4871,2003,Diseases of heart (I00-I09 I11 I13 I20-I51),Heart disease,Delaware,2027,247.2
4872,2002,Diseases of heart (I00-I09 I11 I13 I20-I51),Heart disease,Delaware,1918,239.9
4873,2001,Diseases of heart (I00-I09 I11 I13 I20-I51),Heart disease,Delaware,2033,261.2
4874,2000,Diseases of heart (I00-I09 I11 I13 I20-I51),Heart disease,Delaware,1983,262.5
4875,1999,Diseases of heart (I00-I09 I11 I13 I20-I51),Heart disease,Delaware,2011,269.2
4876,2016,Diseases of heart (I00-I09 I11 I13 I20-I51),Heart disease,District of Columbia,1375,211.7
4877,2015,Diseases of heart (I00-I09 I11 I13 I20-I51),Heart disease,District of Columbia,1217,187.6
4878,2014,Diseases of heart (I00-I09 I11 I13 I20-I51),Heart disease,District of Columbia,1324,207.8
4879,2013,Diseases of heart (I00-I09 I11 I13 I20-I51),Heart disease,District of Columbia,1340,213.5
4880,2012,Diseases of heart (I00-I09 I11 I13 I20-I51),Heart disease,District of Columbia,1298,213
4881,2011,Diseases of heart (I00-I09 I11 I13 I20-I51),Heart disease,District of Columbia,1171,194.4
4882,2010,Diseases of heart (I00-I09 I11 I13 I20-I51),Heart disease,District of Columbia,1306,222.4
4883,2009,Diseases of heart (I00-I09 I11 I13 I20-I51),Heart disease,District of Columbia,1288,224.1
4884,2008,Diseases of heart (I00-I09 I11 I13 I20-I51),Heart disease,District of Columbia,1389,244.3
4885,2007,Diseases of heart (I00-I09 I11 I13 I20-I51),Heart disease,District of Columbia,1434,253.6
4886,2006,Diseases of heart (I00-I09 I11 I13 I20-I51),Heart disease,District of Columbia,1566,280.9
4887,2005,Diseases of heart (I00-I09 I11 I13 I20-I51),Heart disease,District of Columbia,1518,270.3
4888,2004,Diseases of heart (I00-I09 I11 I13 I20-I51),Heart disease,District of Columbia,1544,276.4
4889,2003,Diseases of heart (I00-I09 I11 I13 I20-I51),Heart disease,District of Columbia,1630,291.9
4890,2002,Diseases of heart (I00-I09 I11 I13 I20-I51),Heart disease,District of Columbia,1666,296.6
4891,2001,Diseases of heart (I00-I09 I11 I13 I20-I51),Heart disease,District of Columbia,1761,312.8
4892,2000,Diseases of heart (I00-I09 I11 I13 I20-I51),Heart disease,District of Columbia,1756,310.6
4893,1999,Diseases of heart (I00-I09 I11 I13 I20-I51),Heart disease,District of Columbia,1652,296.2
4894,2016,Diseases of heart (I00-I09 I11 I13 I20-I51),Heart disease,Florida,45659,146.2
4895,2015,Diseases of heart (I00-I09 I11 I13 I20-I51),Heart disease,Florida,45441,149.8
4896,2014,Diseases of heart (I00-I09 I11 I13 I20-I51),Heart disease,Florida,44511,151.3
4897,2013,Diseases of heart (I00-I09 I11 I13 I20-I51),Heart disease,Florida,42656,149.8
4898,2012,Diseases of heart (I00-I09 I11 I13 I20-I51),Heart disease,Florida,42125,153
4899,2011,Diseases of heart (I00-I09 I11 I13 I20-I51),Heart disease,Florida,40919,153.1
4900,2010,Diseases of heart (I00-I09 I11 I13 I20-I51),Heart disease,Florida,41737,162.3
4901,2009,Diseases of heart (I00-I09 I11 I13 I20-I51),Heart disease,Florida,41274,163.8
4902,2008,Diseases of heart (I00-I09 I11 I13 I20-I51),Heart disease,Florida,42067,170.8
4903,2007,Diseases of heart (I00-I09 I11 I13 I20-I51),Heart disease,Florida,42254,175.8
4904,2006,Diseases of heart (I00-I09 I11 I13 I20-I51),Heart disease,Florida,44305,187.9
4905,2005,Diseases of heart (I00-I09 I11 I13 I20-I51),Heart disease,Florida,46279,200
4906,2004,Diseases of heart (I00-I09 I11 I13 I20-I51),Heart disease,Florida,47160,208.7
4907,2003,Diseases of heart (I00-I09 I11 I13 I20-I51),Heart disease,Florida,48141,217.3
4908,2002,Diseases of heart (I00-I09 I11 I13 I20-I51),Heart disease,Florida,49235,226.1
4909,2001,Diseases of heart (I00-I09 I11 I13 I20-I51),Heart disease,Florida,50629,236
4910,2000,Diseases of heart (I00-I09 I11 I13 I20-I51),Heart disease,Florida,50336,238.6
4911,1999,Diseases of heart (I00-I09 I11 I13 I20-I51),Heart disease,Florida,51434,247.7
4912,2016,Diseases of heart (I00-I09 I11 I13 I20-I51),Heart disease,Georgia,18143,179
4913,2015,Diseases of heart (I00-I09 I11 I13 I20-I51),Heart disease,Georgia,17769,180.2
4914,2014,Diseases of heart (I00-I09 I11 I13 I20-I51),Heart disease,Georgia,17107,179.7
4915,2013,Diseases of heart (I00-I09 I11 I13 I20-I51),Heart disease,Georgia,16550,178.7
4916,2012,Diseases of heart (I00-I09 I11 I13 I20-I51),Heart disease,Georgia,15825,177.6
4917,2011,Diseases of heart (I00-I09 I11 I13 I20-I51),Heart disease,Georgia,15773,182.5
4918,2010,Diseases of heart (I00-I09 I11 I13 I20-I51),Heart disease,Georgia,15987,192.6
4919,2009,Diseases of heart (I00-I09 I11 I13 I20-I51),Heart disease,Georgia,16165,198.5
4920,2008,Diseases of heart (I00-I09 I11 I13 I20-I51),Heart disease,Georgia,15721,199.1
4921,2007,Diseases of heart (I00-I09 I11 I13 I20-I51),Heart disease,Georgia,16184,212
4922,2006,Diseases of heart (I00-I09 I11 I13 I20-I51),Heart disease,Georgia,16478,222.2
4923,2005,Diseases of heart (I00-I09 I11 I13 I20-I51),Heart disease,Georgia,16781,236
4924,2004,Diseases of heart (I00-I09 I11 I13 I20-I51),Heart disease,Georgia,16557,240.3
4925,2003,Diseases of heart (I00-I09 I11 I13 I20-I51),Heart disease,Georgia,17188,255.2
4926,2002,Diseases of heart (I00-I09 I11 I13 I20-I51),Heart disease,Georgia,17529,265.8
4927,2001,Diseases of heart (I00-I09 I11 I13 I20-I51),Heart disease,Georgia,17478,271.4
4928,2000,Diseases of heart (I00-I09 I11 I13 I20-I51),Heart disease,Georgia,17406,276
4929,1999,Diseases of heart (I00-I09 I11 I13 I20-I51),Heart disease,Georgia,17597,282.8
4930,2016,Diseases of heart (I00-I09 I11 I13 I20-I51),Heart disease,Hawaii,2488,127
4931,2015,Diseases of heart (I00-I09 I11 I13 I20-I51),Heart disease,Hawaii,2605,135.6
4932,2014,Diseases of heart (I00-I09 I11 I13 I20-I51),Heart disease,Hawaii,2528,136.7
4933,2013,Diseases of heart (I00-I09 I11 I13 I20-I51),Heart disease,Hawaii,2521,139
4934,2012,Diseases of heart (I00-I09 I11 I13 I20-I51),Heart disease,Hawaii,2430,135.2
4935,2011,Diseases of heart (I00-I09 I11 I13 I20-I51),Heart disease,Hawaii,2312,132.9
4936,2010,Diseases of heart (I00-I09 I11 I13 I20-I51),Heart disease,Hawaii,2239,134.7
4937,2009,Diseases of heart (I00-I09 I11 I13 I20-I51),Heart disease,Hawaii,2363,146.6
4938,2008,Diseases of heart (I00-I09 I11 I13 I20-I51),Heart disease,Hawaii,2313,147.7
4939,2007,Diseases of heart (I00-I09 I11 I13 I20-I51),Heart disease,Hawaii,2227,146.7
4940,2006,Diseases of heart (I00-I09 I11 I13 I20-I51),Heart disease,Hawaii,2244,151.4
4941,2005,Diseases of heart (I00-I09 I11 I13 I20-I51),Heart disease,Hawaii,2319,160.9
4942,2004,Diseases of heart (I00-I09 I11 I13 I20-I51),Heart disease,Hawaii,2457,176.6
4943,2003,Diseases of heart (I00-I09 I11 I13 I20-I51),Heart disease,Hawaii,2461,182.2
4944,2002,Diseases of heart (I00-I09 I11 I13 I20-I51),Heart disease,Hawaii,2512,191.8
4945,2001,Diseases of heart (I00-I09 I11 I13 I20-I51),Heart disease,Hawaii,2310,181.7
4946,2000,Diseases of heart (I00-I09 I11 I13 I20-I51),Heart disease,Hawaii,2390,195
4947,1999,Diseases of heart (I00-I09 I11 I13 I20-I51),Heart disease,Hawaii,2410,201.7
4948,2016,Diseases of heart (I00-I09 I11 I13 I20-I51),Heart disease,Idaho,2969,160
4949,2015,Diseases of heart (I00-I09 I11 I13 I20-I51),Heart disease,Idaho,2825,156.4
4950,2014,Diseases of heart (I00-I09 I11 I13 I20-I51),Heart disease,Idaho,2676,152.8
4951,2013,Diseases of heart (I00-I09 I11 I13 I20-I51),Heart disease,Idaho,2495,145.4
4952,2012,Diseases of heart (I00-I09 I11 I13 I20-I51),Heart disease,Idaho,2515,150.9
4953,2011,Diseases of heart (I00-I09 I11 I13 I20-I51),Heart disease,Idaho,2522,155.9
4954,2010,Diseases of heart (I00-I09 I11 I13 I20-I51),Heart disease,Idaho,2495,159.3
4955,2009,Diseases of heart (I00-I09 I11 I13 I20-I51),Heart disease,Idaho,2398,155.7
4956,2008,Diseases of heart (I00-I09 I11 I13 I20-I51),Heart disease,Idaho,2330,157.1
4957,2007,Diseases of heart (I00-I09 I11 I13 I20-I51),Heart disease,Idaho,2433,167.9
4958,2006,Diseases of heart (I00-I09 I11 I13 I20-I51),Heart disease,Idaho,2399,171.3
4959,2005,Diseases of heart (I00-I09 I11 I13 I20-I51),Heart disease,Idaho,2450,182.6
4960,2004,Diseases of heart (I00-I09 I11 I13 I20-I51),Heart disease,Idaho,2450,188.6
4961,2003,Diseases of heart (I00-I09 I11 I13 I20-I51),Heart disease,Idaho,2566,202.1
4962,2002,Diseases of heart (I00-I09 I11 I13 I20-I51),Heart disease,Idaho,2532,205.2
4963,2001,Diseases of heart (I00-I09 I11 I13 I20-I51),Heart disease,Idaho,2489,207
4964,2000,Diseases of heart (I00-I09 I11 I13 I20-I51),Heart disease,Idaho,2519,215.2
4965,1999,Diseases of heart (I00-I09 I11 I13 I20-I51),Heart disease,Idaho,2532,220.5
4966,2016,Diseases of heart (I00-I09 I11 I13 I20-I51),Heart disease,Illinois,25013,165.7
4967,2015,Diseases of heart (I00-I09 I11 I13 I20-I51),Heart disease,Illinois,25652,171.5
4968,2014,Diseases of heart (I00-I09 I11 I13 I20-I51),Heart disease,Illinois,25024,169.7
4969,2013,Diseases of heart (I00-I09 I11 I13 I20-I51),Heart disease,Illinois,24839,170.9
4970,2012,Diseases of heart (I00-I09 I11 I13 I20-I51),Heart disease,Illinois,24667,172.7
4971,2011,Diseases of heart (I00-I09 I11 I13 I20-I51),Heart disease,Illinois,24987,178.1
4972,2010,Diseases of heart (I00-I09 I11 I13 I20-I51),Heart disease,Illinois,24959,181.7
4973,2009,Diseases of heart (I00-I09 I11 I13 I20-I51),Heart disease,Illinois,24931,184
4974,2008,Diseases of heart (I00-I09 I11 I13 I20-I51),Heart disease,Illinois,26078,195.1
4975,2007,Diseases of heart (I00-I09 I11 I13 I20-I51),Heart disease,Illinois,25813,196
4976,2006,Diseases of heart (I00-I09 I11 I13 I20-I51),Heart disease,Illinois,27007,208.5
4977,2005,Diseases of heart (I00-I09 I11 I13 I20-I51),Heart disease,Illinois,28226,220.7
4978,2004,Diseases of heart (I00-I09 I11 I13 I20-I51),Heart disease,Illinois,28284,224.3
4979,2003,Diseases of heart (I00-I09 I11 I13 I20-I51),Heart disease,Illinois,29816,239.2
4980,2002,Diseases of heart (I00-I09 I11 I13 I20-I51),Heart disease,Illinois,30821,250.2
4981,2001,Diseases of heart (I00-I09 I11 I13 I20-I51),Heart disease,Illinois,30990,253.8
4982,2000,Diseases of heart (I00-I09 I11 I13 I20-I51),Heart disease,Illinois,31844,263.7
4983,1999,Diseases of heart (I00-I09 I11 I13 I20-I51),Heart disease,Illinois,33387,279.1
4984,2016,Diseases of heart (I00-I09 I11 I13 I20-I51),Heart disease,Indiana,13952,180.6
4985,2015,Diseases of heart (I00-I09 I11 I13 I20-I51),Heart disease,Indiana,13948,182.3
4986,2014,Diseases of heart (I00-I09 I11 I13 I20-I51),Heart disease,Indiana,13764,182.7
4987,2013,Diseases of heart (I00-I09 I11 I13 I20-I51),Heart disease,Indiana,13773,186.2
4988,2012,Diseases of heart (I00-I09 I11 I13 I20-I51),Heart disease,Indiana,13675,188.4
4989,2011,Diseases of heart (I00-I09 I11 I13 I20-I51),Heart disease,Indiana,13372,187.2
4990,2010,Diseases of heart (I00-I09 I11 I13 I20-I51),Heart disease,Indiana,13388,191.8
4991,2009,Diseases of heart (I00-I09 I11 I13 I20-I51),Heart disease,Indiana,13509,196.7
4992,2008,Diseases of heart (I00-I09 I11 I13 I20-I51),Heart disease,Indiana,13663,201.6
4993,2007,Diseases of heart (I00-I09 I11 I13 I20-I51),Heart disease,Indiana,13682,205.9
4994,2006,Diseases of heart (I00-I09 I11 I13 I20-I51),Heart disease,Indiana,14375,220.8
4995,2005,Diseases of heart (I00-I09 I11 I13 I20-I51),Heart disease,Indiana,14542,227.9
4996,2004,Diseases of heart (I00-I09 I11 I13 I20-I51),Heart disease,Indiana,14636,233.2
4997,2003,Diseases of heart (I00-I09 I11 I13 I20-I51),Heart disease,Indiana,15467,249.4
4998,2002,Diseases of heart (I00-I09 I11 I13 I20-I51),Heart disease,Indiana,15321,250.9
4999,2001,Diseases of heart (I00-I09 I11 I13 I20-I51),Heart disease,Indiana,15682,259.8
5000,2000,Diseases of heart (I00-I09 I11 I13 I20-I51),Heart disease,Indiana,16210,272.3
5001,1999,Diseases of heart (I00-I09 I11 I13 I20-I51),Heart disease,Indiana,16661,282.5
5002,2016,Diseases of heart (I00-I09 I11 I13 I20-I51),Heart disease,Iowa,6937,162.8
5003,2015,Diseases of heart (I00-I09 I11 I13 I20-I51),Heart disease,Iowa,6813,160.9
5004,2014,Diseases of heart (I00-I09 I11 I13 I20-I51),Heart disease,Iowa,6615,157.3
5005,2013,Diseases of heart (I00-I09 I11 I13 I20-I51),Heart disease,Iowa,6995,168.9
5006,2012,Diseases of heart (I00-I09 I11 I13 I20-I51),Heart disease,Iowa,7005,170.4
5007,2011,Diseases of heart (I00-I09 I11 I13 I20-I51),Heart disease,Iowa,6736,166
5008,2010,Diseases of heart (I00-I09 I11 I13 I20-I51),Heart disease,Iowa,6880,173.3
5009,2009,Diseases of heart (I00-I09 I11 I13 I20-I51),Heart disease,Iowa,6938,176.1
5010,2008,Diseases of heart (I00-I09 I11 I13 I20-I51),Heart disease,Iowa,7284,185.5
5011,2007,Diseases of heart (I00-I09 I11 I13 I20-I51),Heart disease,Iowa,6880,177.2
5012,2006,Diseases of heart (I00-I09 I11 I13 I20-I51),Heart disease,Iowa,7172,187.1
5013,2005,Diseases of heart (I00-I09 I11 I13 I20-I51),Heart disease,Iowa,7437,196.6
5014,2004,Diseases of heart (I00-I09 I11 I13 I20-I51),Heart disease,Iowa,7299,195
5015,2003,Diseases of heart (I00-I09 I11 I13 I20-I51),Heart disease,Iowa,7840,210.9
5016,2002,Diseases of heart (I00-I09 I11 I13 I20-I51),Heart disease,Iowa,8181,221.5
5017,2001,Diseases of heart (I00-I09 I11 I13 I20-I51),Heart disease,Iowa,8250,225.1
5018,2000,Diseases of heart (I00-I09 I11 I13 I20-I51),Heart disease,Iowa,8559,236.1
5019,1999,Diseases of heart (I00-I09 I11 I13 I20-I51),Heart disease,Iowa,8699,240.3
5020,2016,Diseases of heart (I00-I09 I11 I13 I20-I51),Heart disease,Kansas,5672,159.2
5021,2015,Diseases of heart (I00-I09 I11 I13 I20-I51),Heart disease,Kansas,5624,158.5
5022,2014,Diseases of heart (I00-I09 I11 I13 I20-I51),Heart disease,Kansas,5479,157.4
5023,2013,Diseases of heart (I00-I09 I11 I13 I20-I51),Heart disease,Kansas,5364,156.1
5024,2012,Diseases of heart (I00-I09 I11 I13 I20-I51),Heart disease,Kansas,5366,158.2
5025,2011,Diseases of heart (I00-I09 I11 I13 I20-I51),Heart disease,Kansas,5327,158.3
5026,2010,Diseases of heart (I00-I09 I11 I13 I20-I51),Heart disease,Kansas,5433,164.9
5027,2009,Diseases of heart (I00-I09 I11 I13 I20-I51),Heart disease,Kansas,5294,163
5028,2008,Diseases of heart (I00-I09 I11 I13 I20-I51),Heart disease,Kansas,5643,175.4
5029,2007,Diseases of heart (I00-I09 I11 I13 I20-I51),Heart disease,Kansas,5749,180.8
5030,2006,Diseases of heart (I00-I09 I11 I13 I20-I51),Heart disease,Kansas,5849,186.3
5031,2005,Diseases of heart (I00-I09 I11 I13 I20-I51),Heart disease,Kansas,5960,192.6
5032,2004,Diseases of heart (I00-I09 I11 I13 I20-I51),Heart disease,Kansas,6048,198.9
5033,2003,Diseases of heart (I00-I09 I11 I13 I20-I51),Heart disease,Kansas,6491,214.7
5034,2002,Diseases of heart (I00-I09 I11 I13 I20-I51),Heart disease,Kansas,6680,223.2
5035,2001,Diseases of heart (I00-I09 I11 I13 I20-I51),Heart disease,Kansas,6716,225.6
5036,2000,Diseases of heart (I00-I09 I11 I13 I20-I51),Heart disease,Kansas,6931,234.2
5037,1999,Diseases of heart (I00-I09 I11 I13 I20-I51),Heart disease,Kansas,6975,237
5038,2016,Diseases of heart (I00-I09 I11 I13 I20-I51),Heart disease,Kentucky,10519,203
5039,2015,Diseases of heart (I00-I09 I11 I13 I20-I51),Heart disease,Kentucky,10077,197.8
5040,2014,Diseases of heart (I00-I09 I11 I13 I20-I51),Heart disease,Kentucky,10013,200.5
5041,2013,Diseases of heart (I00-I09 I11 I13 I20-I51),Heart disease,Kentucky,9971,203.4
5042,2012,Diseases of heart (I00-I09 I11 I13 I20-I51),Heart disease,Kentucky,10024,208.2
5043,2011,Diseases of heart (I00-I09 I11 I13 I20-I51),Heart disease,Kentucky,9905,210
5044,2010,Diseases of heart (I00-I09 I11 I13 I20-I51),Heart disease,Kentucky,9662,210.1
5045,2009,Diseases of heart (I00-I09 I11 I13 I20-I51),Heart disease,Kentucky,9728,214.3
5046,2008,Diseases of heart (I00-I09 I11 I13 I20-I51),Heart disease,Kentucky,10061,225.5
5047,2007,Diseases of heart (I00-I09 I11 I13 I20-I51),Heart disease,Kentucky,9916,227
5048,2006,Diseases of heart (I00-I09 I11 I13 I20-I51),Heart disease,Kentucky,10353,241.4
5049,2005,Diseases of heart (I00-I09 I11 I13 I20-I51),Heart disease,Kentucky,10782,257.3
5050,2004,Diseases of heart (I00-I09 I11 I13 I20-I51),Heart disease,Kentucky,10465,254.8
5051,2003,Diseases of heart (I00-I09 I11 I13 I20-I51),Heart disease,Kentucky,11319,279.2
5052,2002,Diseases of heart (I00-I09 I11 I13 I20-I51),Heart disease,Kentucky,11696,292.2
5053,2001,Diseases of heart (I00-I09 I11 I13 I20-I51),Heart disease,Kentucky,11808,297.3
5054,2000,Diseases of heart (I00-I09 I11 I13 I20-I51),Heart disease,Kentucky,11936,303.6
5055,1999,Diseases of heart (I00-I09 I11 I13 I20-I51),Heart disease,Kentucky,12098,310.9
5056,2016,Diseases of heart (I00-I09 I11 I13 I20-I51),Heart disease,Louisiana,10943,213.1
5057,2015,Diseases of heart (I00-I09 I11 I13 I20-I51),Heart disease,Louisiana,10665,212.1
5058,2014,Diseases of heart (I00-I09 I11 I13 I20-I51),Heart disease,Louisiana,10647,216.3
5059,2013,Diseases of heart (I00-I09 I11 I13 I20-I51),Heart disease,Louisiana,10346,214.1
5060,2012,Diseases of heart (I00-I09 I11 I13 I20-I51),Heart disease,Louisiana,10074,213.1
5061,2011,Diseases of heart (I00-I09 I11 I13 I20-I51),Heart disease,Louisiana,9781,212.4
5062,2010,Diseases of heart (I00-I09 I11 I13 I20-I51),Heart disease,Louisiana,10282,229.4
5063,2009,Diseases of heart (I00-I09 I11 I13 I20-I51),Heart disease,Louisiana,10169,229.9
5064,2008,Diseases of heart (I00-I09 I11 I13 I20-I51),Heart disease,Louisiana,10347,238.5
5065,2007,Diseases of heart (I00-I09 I11 I13 I20-I51),Heart disease,Louisiana,9947,234.9
5066,2006,Diseases of heart (I00-I09 I11 I13 I20-I51),Heart disease,Louisiana,10026,241.4
5067,2005,Diseases of heart (I00-I09 I11 I13 I20-I51),Heart disease,Louisiana,11008,256.9
5068,2004,Diseases of heart (I00-I09 I11 I13 I20-I51),Heart disease,Louisiana,10852,257.9
5069,2003,Diseases of heart (I00-I09 I11 I13 I20-I51),Heart disease,Louisiana,11540,277.5
5070,2002,Diseases of heart (I00-I09 I11 I13 I20-I51),Heart disease,Louisiana,11185,272.4
5071,2001,Diseases of heart (I00-I09 I11 I13 I20-I51),Heart disease,Louisiana,11474,282.6
5072,2000,Diseases of heart (I00-I09 I11 I13 I20-I51),Heart disease,Louisiana,11629,288.7
5073,1999,Diseases of heart (I00-I09 I11 I13 I20-I51),Heart disease,Louisiana,12007,302.3
5074,2016,Diseases of heart (I00-I09 I11 I13 I20-I51),Heart disease,Maine,2907,149.5
5075,2015,Diseases of heart (I00-I09 I11 I13 I20-I51),Heart disease,Maine,3009,157.3
5076,2014,Diseases of heart (I00-I09 I11 I13 I20-I51),Heart disease,Maine,2776,147.9
5077,2013,Diseases of heart (I00-I09 I11 I13 I20-I51),Heart disease,Maine,2807,152.3
5078,2012,Diseases of heart (I00-I09 I11 I13 I20-I51),Heart disease,Maine,2623,145.9
5079,2011,Diseases of heart (I00-I09 I11 I13 I20-I51),Heart disease,Maine,2648,149.5
5080,2010,Diseases of heart (I00-I09 I11 I13 I20-I51),Heart disease,Maine,2628,151.1
5081,2009,Diseases of heart (I00-I09 I11 I13 I20-I51),Heart disease,Maine,2674,156.4
5082,2008,Diseases of heart (I00-I09 I11 I13 I20-I51),Heart disease,Maine,2785,164.6
5083,2007,Diseases of heart (I00-I09 I11 I13 I20-I51),Heart disease,Maine,2852,173
5084,2006,Diseases of heart (I00-I09 I11 I13 I20-I51),Heart disease,Maine,2815,174.3
5085,2005,Diseases of heart (I00-I09 I11 I13 I20-I51),Heart disease,Maine,2941,186.5
5086,2004,Diseases of heart (I00-I09 I11 I13 I20-I51),Heart disease,Maine,2948,189.9
5087,2003,Diseases of heart (I00-I09 I11 I13 I20-I51),Heart disease,Maine,3106,203
5088,2002,Diseases of heart (I00-I09 I11 I13 I20-I51),Heart disease,Maine,3170,210.6
5089,2001,Diseases of heart (I00-I09 I11 I13 I20-I51),Heart disease,Maine,3272,220.7
5090,2000,Diseases of heart (I00-I09 I11 I13 I20-I51),Heart disease,Maine,3400,233.9
5091,1999,Diseases of heart (I00-I09 I11 I13 I20-I51),Heart disease,Maine,3418,238.7
5092,2016,Diseases of heart (I00-I09 I11 I13 I20-I51),Heart disease,Maryland,11390,164.3
5093,2015,Diseases of heart (I00-I09 I11 I13 I20-I51),Heart disease,Maryland,11481,169.3
5094,2014,Diseases of heart (I00-I09 I11 I13 I20-I51),Heart disease,Maryland,11135,167.8
5095,2013,Diseases of heart (I00-I09 I11 I13 I20-I51),Heart disease,Maryland,11244,172.7
5096,2012,Diseases of heart (I00-I09 I11 I13 I20-I51),Heart disease,Maryland,11023,174.4
5097,2011,Diseases of heart (I00-I09 I11 I13 I20-I51),Heart disease,Maryland,10557,171.2
5098,2010,Diseases of heart (I00-I09 I11 I13 I20-I51),Heart disease,Maryland,10915,182.2
5099,2009,Diseases of heart (I00-I09 I11 I13 I20-I51),Heart disease,Maryland,11210,190.8
5100,2008,Diseases of heart (I00-I09 I11 I13 I20-I51),Heart disease,Maryland,11157,195.1
